engine,engine_version,variant,threads,parallel_jobs,model,axis,scale,grid_w,grid_h,num_agents,world_w,world_h,params_json,steps,warmup,reps,reps_done,seed,status,validated,min_s,median_s,max_s,mean_s,std_dev_s,steps_per_sec,updates_per_sec,population,heap_bytes,rep_times_s,wall_s,host,henad_commit,error
henad,0.3.0,1t,1,1,game_of_life,grid,64,64,64,,,,"{""density"": ""0.3"", ""grid_height"": ""64"", ""grid_width"": ""64""}",100,10,5,5,42,ok,reference,0.000376163,0.000448054,0.000497164,0.0004380836,4.0717598556889386e-05,223187.38366357627,914175523.4860084,4096,8192,"[0.000497164, 0.000448054, 0.000455014, 0.000376163, 0.000414023]",0.276,lium4090,3c7c7e0,
henad,0.3.0,1t,1,2,game_of_life,grid,128,128,128,,,,"{""density"": ""0.3"", ""grid_height"": ""128"", ""grid_width"": ""128""}",100,10,5,5,42,ok,reference,0.000927758,0.000959139,0.00105959,0.0009806988,4.7097740588694916e-05,104260.17501112977,1708198707.3823502,16384,32768,"[0.00105959, 0.001006699, 0.000950308, 0.000927758, 0.000959139]",0.267,lium4090,3c7c7e0,
henad,0.3.0,1t,1,8,game_of_life,grid,256,256,256,,,,"{""density"": ""0.3"", ""grid_height"": ""256"", ""grid_width"": ""256""}",100,10,5,5,42,ok,reference,0.00219233,0.00226273,0.00231286,0.0022510102,4.7842850125802464e-05,44194.40233699999,2896324351.5576315,65536,131072,"[0.00231286, 0.00219233, 0.00226273, 0.002287881, 0.00219925]",0.276,lium4090,3c7c7e0,
henad,0.3.0,1t,1,32,game_of_life,grid,512,512,512,,,,"{""density"": ""0.3"", ""grid_height"": ""512"", ""grid_width"": ""512""}",100,10,5,5,42,ok,reference,0.005975864,0.006044674,0.006431588,0.006101174799999999,0.00016976645092172966,16543.48935939308,4336776474.628739,262144,524288,"[0.006431588, 0.006044674, 0.005975864, 0.006076844, 0.005976904]",0.304,lium4090,3c7c7e0,
henad,0.3.0,1t,1,128,game_of_life,grid,1024,1024,1024,,,,"{""density"": ""0.3"", ""grid_height"": ""1024"", ""grid_width"": ""1024""}",100,10,5,5,42,ok,reference,0.018568377,0.018658368,0.018768938,0.0186638096,6.752483973946129e-05,5359.525549072673,5619869862.144427,1048576,2097152,"[0.018768938, 0.018658368, 0.018697738, 0.018625627, 0.018568377]",0.384,lium4090,3c7c7e0,
henad,0.3.0,1t,1,512,game_of_life,grid,2048,2048,2048,,,,"{""density"": ""0.3"", ""grid_height"": ""2048"", ""grid_width"": ""2048""}",100,10,5,5,42,ok,reference,0.063500861,0.063558251,0.063669361,0.06356267680000001,5.8221649569207e-05,1573.3598459152063,6599149495.161533,4194304,8388608,"[0.063558251, 0.063563771, 0.063669361, 0.063500861, 0.06352114]",0.671,lium4090,3c7c7e0,
henad,0.3.0,1t,1,2048,game_of_life,grid,4096,4096,4096,,,,"{""density"": ""0.3"", ""grid_height"": ""4096"", ""grid_width"": ""4096""}",100,10,5,5,42,ok,reference,0.283429786,0.301425288,0.302195145,0.2976817022,0.007182144911785371,331.75716829704083,5565961672.067806,16777216,33554432,"[0.301425288, 0.302195145, 0.301784581, 0.299573711, 0.283429786]",2.121,lium4090,3c7c7e0,
henad,0.3.0,1t,1,1,sir,grid,64,64,64,,,,"{""grid_height"": ""64"", ""grid_width"": ""64"", ""infection_rate"": ""0.3"", ""initial_infected_pct"": ""0.01"", ""recovery_rate"": ""0.05""}",100,10,5,5,42,ok,reference,0.000769757,0.000797157,0.000938828,0.0008267096,5.9644547930552676e-05,125445.80302249116,513826009.1801238,4096,8192,"[0.000938828, 0.000769757, 0.000797157, 0.000794258, 0.000833548]",0.272,lium4090,3c7c7e0,
henad,0.3.0,1t,1,2,sir,grid,128,128,128,,,,"{""grid_height"": ""128"", ""grid_width"": ""128"", ""infection_rate"": ""0.3"", ""initial_infected_pct"": ""0.01"", ""recovery_rate"": ""0.05""}",100,10,5,5,42,ok,reference,0.002947416,0.003429391,0.003655732,0.0033261674,0.0003152838474984724,29159.696284267382,477752463.9214368,16384,32768,"[0.003655732, 0.003429391, 0.003640352, 0.002947416, 0.002957946]",0.279,lium4090,3c7c7e0,
henad,0.3.0,1t,1,8,sir,grid,256,256,256,,,,"{""grid_height"": ""256"", ""grid_width"": ""256"", ""infection_rate"": ""0.3"", ""initial_infected_pct"": ""0.01"", ""recovery_rate"": ""0.05""}",100,10,5,5,42,ok,reference,0.012069679,0.012204,0.013095488,0.0124168858,0.0003703672537325085,8194.03474270731,537004260.8980663,65536,131072,"[0.013095488, 0.012519593, 0.012204, 0.012195669, 0.012069679]",0.344,lium4090,3c7c7e0,
henad,0.3.0,1t,1,32,sir,grid,512,512,512,,,,"{""grid_height"": ""512"", ""grid_width"": ""512"", ""infection_rate"": ""0.3"", ""initial_infected_pct"": ""0.01"", ""recovery_rate"": ""0.05""}",100,10,5,5,42,ok,reference,0.046988952,0.048885199,0.049849987,0.0485951566,0.0010593280371330865,2045.608937789125,536244109.3877924,262144,524288,"[0.049849987, 0.049453585, 0.048885199, 0.04779806, 0.046988952]",0.571,lium4090,3c7c7e0,
henad,0.3.0,1t,1,128,sir,grid,1024,1024,1024,,,,"{""grid_height"": ""1024"", ""grid_width"": ""1024"", ""infection_rate"": ""0.3"", ""initial_infected_pct"": ""0.01"", ""recovery_rate"": ""0.05""}",100,10,5,5,42,ok,reference,0.186094432,0.198263562,0.204374957,0.1959504548,0.008079374218385855,504.37911531116345,528879835.2165185,1048576,2097152,"[0.186776708, 0.186094432, 0.198263562, 0.204374957, 0.204242615]",1.497,lium4090,3c7c7e0,
henad,0.3.0,1t,1,512,sir,grid,2048,2048,2048,,,,"{""grid_height"": ""2048"", ""grid_width"": ""2048"", ""infection_rate"": ""0.3"", ""initial_infected_pct"": ""0.01"", ""recovery_rate"": ""0.05""}",100,10,5,5,42,ok,reference,0.740523084,0.742685215,0.814469168,0.7705659444,0.03577005802045496,134.64654739356837,564748552.3190334,4194304,8388608,"[0.814469168, 0.814262626, 0.740523084, 0.742685215, 0.740889629]",5.162,lium4090,3c7c7e0,
henad,0.3.0,1t,1,2048,sir,grid,4096,4096,4096,,,,"{""grid_height"": ""4096"", ""grid_width"": ""4096"", ""infection_rate"": ""0.3"", ""initial_infected_pct"": ""0.01"", ""recovery_rate"": ""0.05""}",100,10,5,5,42,ok,reference,3.005523915,3.102957091,3.187104794,3.0928264902,0.06608986341372011,32.22732286245463,540684756.7651396,16777216,33554432,"[3.134673076, 3.033873575, 3.102957091, 3.187104794, 3.005523915]",19.779,lium4090,3c7c7e0,
henad,0.3.0,1t,1,16,boids,agents,1000,,,1000,141.421,141.421,"{""alignment"": ""0.05"", ""cohesion"": ""0.0005"", ""max_speed"": ""15"", ""min_speed"": ""3"", ""num_agents"": ""1000"", ""protected_range"": ""8"", ""separation"": ""0.05"", ""visual_range"": ""50"", ""world_height"": ""141.421"", ""world_width"": ""141.421""}",100,10,5,5,42,ok,reference,0.464453349,0.493672512,0.494467968,0.4879809344,0.011774597087343042,202.56343541363714,202563.4354136371,1000,41260,"[0.494467968, 0.494281177, 0.493672512, 0.493029666, 0.464453349]",2.971,lium4090,3c7c7e0,
henad,0.3.0,1t,1,47,boids,agents,3000,,,3000,244.949,244.949,"{""alignment"": ""0.05"", ""cohesion"": ""0.0005"", ""max_speed"": ""15"", ""min_speed"": ""3"", ""num_agents"": ""3000"", ""protected_range"": ""8"", ""separation"": ""0.05"", ""visual_range"": ""50"", ""world_height"": ""244.949"", ""world_width"": ""244.949""}",100,10,5,5,42,ok,reference,1.397075341,1.497204621,1.497345275,1.4616432814,0.04421352353498028,66.79113769580063,200373.4130874019,3000,123788,"[1.497204621, 1.397075341, 1.497345275, 1.497305225, 1.419285945]",8.341,lium4090,3c7c7e0,
henad,0.3.0,1t,1,157,boids,agents,10000,,,10000,447.214,447.214,"{""alignment"": ""0.05"", ""cohesion"": ""0.0005"", ""max_speed"": ""15"", ""min_speed"": ""3"", ""num_agents"": ""10000"", ""protected_range"": ""8"", ""separation"": ""0.05"", ""visual_range"": ""50"", ""world_height"": ""447.214"", ""world_width"": ""447.214""}",100,10,5,5,42,ok,reference,4.548722399,4.672980737,4.872176702,4.7095839274,0.1157329250833864,21.399617423674393,213996.17423674394,10000,412708,"[4.672980737, 4.806737803, 4.548722399, 4.647301996, 4.872176702]",26.246,lium4090,3c7c7e0,
henad,0.3.0,1t,1,469,boids,agents,30000,,,30000,774.597,774.597,"{""alignment"": ""0.05"", ""cohesion"": ""0.0005"", ""max_speed"": ""15"", ""min_speed"": ""3"", ""num_agents"": ""30000"", ""protected_range"": ""8"", ""separation"": ""0.05"", ""visual_range"": ""50"", ""world_height"": ""774.597"", ""world_width"": ""774.597""}",100,10,5,5,42,ok,reference,14.690850156,14.79065649,15.260315534,14.8748737914,0.21065160715388742,6.761025115255043,202830.7534576513,30000,1238468,"[14.690850156, 14.79065649, 14.929144763, 14.703402014, 15.260315534]",82.314,lium4090,3c7c7e0,
henad,0.3.0,1t,1,1563,boids,agents,100000,,,100000,1414.21,1414.21,"{""alignment"": ""0.05"", ""cohesion"": ""0.0005"", ""max_speed"": ""15"", ""min_speed"": ""3"", ""num_agents"": ""100000"", ""protected_range"": ""8"", ""separation"": ""0.05"", ""visual_range"": ""50"", ""world_height"": ""1414.21"", ""world_width"": ""1414.21""}",100,10,5,5,42,ok,reference,55.928674197,56.594110095,56.746276207,56.4473421864,0.30755058841272154,1.7669683264236864,176696.83264236862,100000,4128228,"[56.746276207, 56.696376326, 56.271274107, 56.594110095, 55.928674197]",310.723,lium4090,3c7c7e0,
henad,0.3.0,1t,1,4688,boids,agents,300000,,,300000,2449.49,2449.49,"{""alignment"": ""0.05"", ""cohesion"": ""0.0005"", ""max_speed"": ""15"", ""min_speed"": ""3"", ""num_agents"": ""300000"", ""protected_range"": ""8"", ""separation"": ""0.05"", ""visual_range"": ""50"", ""world_height"": ""2449.49"", ""world_width"": ""2449.49""}",100,10,5,5,42,ok,reference,172.279034807,174.108025777,174.414925835,173.72938165,0.7581070031410571,0.574356061725043,172306.81851751293,300000,12385268,"[174.414925835, 174.108025777, 172.279034807, 173.719700261, 174.12522157]",956.506,lium4090,3c7c7e0,
henad,0.3.0,1t,1,15625,boids,agents,1000000,,,1000000,4472.14,4472.14,"{""alignment"": ""0.05"", ""cohesion"": ""0.0005"", ""max_speed"": ""15"", ""min_speed"": ""3"", ""num_agents"": ""1000000"", ""protected_range"": ""8"", ""separation"": ""0.05"", ""visual_range"": ""50"", ""world_height"": ""4472.14"", ""world_width"": ""4472.14""}",100,10,5,0,42,timeout,reference,,,,,,,,0,,[],1000.171,lium4090,3c7c7e0,0 of 5 reps in 1000s
henad,0.3.0,1t,1,1,ants,agents,2000,,,2000,200,200,"{""evaporation"": ""0.999"", ""momentum"": ""0.8"", ""num_agents"": ""2000"", ""random_action"": ""0.1"", ""reward"": ""1"", ""update_cutdown"": ""0.9"", ""world_height"": ""200"", ""world_width"": ""200""}",200,20,5,5,42,ok,reference,0.038152802,0.038478023,0.038518403,0.0383678566,0.0001541455884916598,5197.772245211247,10395544.490422495,2000,908000,"[0.038480513, 0.038518403, 0.038478023, 0.038209542, 0.038152802]",0.51,lium4090,3c7c7e0,
henad,0.3.0,1t,1,2,ants,agents,6000,,,6000,346.41,346.41,"{""evaporation"": ""0.999"", ""momentum"": ""0.8"", ""num_agents"": ""6000"", ""random_action"": ""0.1"", ""reward"": ""1"", ""update_cutdown"": ""0.9"", ""world_height"": ""346.41"", ""world_width"": ""346.41""}",200,20,5,5,42,ok,reference,0.113974615,0.114068635,0.114229226,0.1140829114,9.916098922177014e-05,1753.3303523795125,10519982.114277076,6000,2717752,"[0.114159196, 0.113974615, 0.113982885, 0.114068635, 0.114229226]",0.9,lium4090,3c7c7e0,
henad,0.3.0,1t,1,5,ants,agents,20000,,,20000,632.456,632.456,"{""evaporation"": ""0.999"", ""momentum"": ""0.8"", ""num_agents"": ""20000"", ""random_action"": ""0.1"", ""reward"": ""1"", ""update_cutdown"": ""0.9"", ""world_height"": ""632.456"", ""world_width"": ""632.456""}",200,20,5,5,42,ok,reference,0.381661106,0.384947641,0.386940691,0.3845479506,0.0020771013823033782,519.5511770911203,10391023.541822406,20000,9067328,"[0.382678329, 0.381661106, 0.384947641, 0.386511986, 0.386940691]",2.419,lium4090,3c7c7e0,
henad,0.3.0,1t,1,15,ants,agents,60000,,,60000,1095.45,1095.45,"{""evaporation"": ""0.999"", ""momentum"": ""0.8"", ""num_agents"": ""60000"", ""random_action"": ""0.1"", ""reward"": ""1"", ""update_cutdown"": ""0.9"", ""world_height"": ""1095.45"", ""world_width"": ""1095.45""}",200,20,5,5,42,ok,reference,1.198477127,1.23539489,1.2671218450000001,1.2303894174,0.022993639492395718,161.89155517714664,9713493.310628798,60000,27218550,"[1.267121845, 1.215413171, 1.198477127, 1.235540054, 1.23539489]",7.165,lium4090,3c7c7e0,
henad,0.3.0,1t,1,49,ants,agents,200000,,,200000,2000,2000,"{""evaporation"": ""0.999"", ""momentum"": ""0.8"", ""num_agents"": ""200000"", ""random_action"": ""0.1"", ""reward"": ""1"", ""update_cutdown"": ""0.9"", ""world_height"": ""2000"", ""world_width"": ""2000""}",200,20,5,5,42,ok,reference,4.252910711,4.344579468,4.440842721,4.3420903186,0.07785261249123843,46.03437489706426,9206874.979412852,200000,90800000,"[4.415183192, 4.440842721, 4.252910711, 4.256935501, 4.344579468]",24.555,lium4090,3c7c7e0,
henad,0.3.0,all,24,1,game_of_life,grid,64,64,64,,,,"{""density"": ""0.3"", ""grid_height"": ""64"", ""grid_width"": ""64""}",100,10,5,5,42,ok,reference,0.000341621,0.000403021,0.000420322,0.0003927732,2.9258613695115488e-05,248126.02817222924,1016324211.393451,4096,8192,"[0.000420322, 0.000403021, 0.000418301, 0.000341621, 0.000380601]",0.292,lium4090,3c7c7e0,
henad,0.3.0,all,24,2,game_of_life,grid,128,128,128,,,,"{""density"": ""0.3"", ""grid_height"": ""128"", ""grid_width"": ""128""}",100,10,5,5,42,ok,reference,0.001677767,0.001924127,0.002212299,0.0019449635999999998,0.00022369654753133763,51971.62141584209,851503045.2771568,16384,32768,"[0.002212299, 0.002186278, 0.001724347, 0.001677767, 0.001924127]",0.269,lium4090,3c7c7e0,
henad,0.3.0,all,24,8,game_of_life,grid,256,256,256,,,,"{""density"": ""0.3"", ""grid_height"": ""256"", ""grid_width"": ""256""}",100,10,5,5,42,ok,reference,0.001484176,0.001536476,0.001585416,0.0015407,3.361058737957432e-05,65083.997407053546,4265344854.068661,65536,131072,"[0.001561116, 0.001536316, 0.001536476, 0.001585416, 0.001484176]",0.273,lium4090,3c7c7e0,
henad,0.3.0,all,24,32,game_of_life,grid,512,512,512,,,,"{""density"": ""0.3"", ""grid_height"": ""512"", ""grid_width"": ""512""}",100,10,5,5,42,ok,reference,0.00280999,0.002854281,0.002910921,0.0028569168,3.592143530762653e-05,35035.09290080409,9184239393.388388,262144,524288,"[0.002880351, 0.002910921, 0.002854281, 0.00280999, 0.002829041]",0.288,lium4090,3c7c7e0,
henad,0.3.0,all,24,128,game_of_life,grid,1024,1024,1024,,,,"{""density"": ""0.3"", ""grid_height"": ""1024"", ""grid_width"": ""1024""}",100,10,5,5,42,ok,reference,0.007105957,0.007434008,0.007546368,0.007400226,0.0001544774399205268,13451.693891101544,14105123373.555693,1048576,2097152,"[0.007105957, 0.007434008, 0.007414468, 0.007500329, 0.007546368]",0.316,lium4090,3c7c7e0,
henad,0.3.0,all,24,512,game_of_life,grid,2048,2048,2048,,,,"{""density"": ""0.3"", ""grid_height"": ""2048"", ""grid_width"": ""2048""}",100,10,5,5,42,ok,reference,0.023084698,0.023556989,0.023993042,0.0235389796,0.0002975961113419324,4245.024693096389,17804924050.352955,4194304,8388608,"[0.023556989, 0.023993042, 0.023084698, 0.023408039, 0.02365213]",0.447,lium4090,3c7c7e0,
henad,0.3.0,all,24,2048,game_of_life,grid,4096,4096,4096,,,,"{""density"": ""0.3"", ""grid_height"": ""4096"", ""grid_width"": ""4096""}",100,10,5,5,42,ok,reference,0.088046566,0.088485367,0.088800169,0.088412691,0.0002591437013496538,1130.1303638148443,18960441221.880226,16777216,33554432,"[0.088046566, 0.088220956, 0.088510397, 0.088800169, 0.088485367]",0.967,lium4090,3c7c7e0,
henad,0.3.0,all,24,1,sir,grid,64,64,64,,,,"{""grid_height"": ""64"", ""grid_width"": ""64"", ""infection_rate"": ""0.3"", ""initial_infected_pct"": ""0.01"", ""recovery_rate"": ""0.05""}",100,10,5,5,42,ok,reference,0.000775773,0.000785373,0.000817623,0.000789785,1.5250625429797935e-05,127328.03394056072,521535627.0205367,4096,8192,"[0.000775773, 0.000777083, 0.000793073, 0.000785373, 0.000817623]",0.274,lium4090,3c7c7e0,
henad,0.3.0,all,24,2,sir,grid,128,128,128,,,,"{""grid_height"": ""128"", ""grid_width"": ""128"", ""infection_rate"": ""0.3"", ""initial_infected_pct"": ""0.01"", ""recovery_rate"": ""0.05""}",100,10,5,5,42,ok,reference,0.002899382,0.003016901,0.003476284,0.0030827399999999996,0.00020645517613564456,33146.596457755826,543073836.3638715,16384,32768,"[0.003476284, 0.003016901, 0.003080812, 0.002899382, 0.002940321]",0.282,lium4090,3c7c7e0,
henad,0.3.0,all,24,8,sir,grid,256,256,256,,,,"{""grid_height"": ""256"", ""grid_width"": ""256"", ""infection_rate"": ""0.3"", ""initial_infected_pct"": ""0.01"", ""recovery_rate"": ""0.05""}",100,10,5,5,42,ok,reference,0.004827279,0.00516055,0.00530183,0.0051332898,0.00016243439279955464,19377.779500247067,1269942157.3281918,65536,131072,"[0.00530183, 0.00522751, 0.00514928, 0.004827279, 0.00516055]",0.296,lium4090,3c7c7e0,
henad,0.3.0,all,24,32,sir,grid,512,512,512,,,,"{""grid_height"": ""512"", ""grid_width"": ""512"", ""infection_rate"": ""0.3"", ""initial_infected_pct"": ""0.01"", ""recovery_rate"": ""0.05""}",100,10,5,5,42,ok,reference,0.006360164,0.006429004,0.006911056,0.0065076126,0.00020350591427042107,15554.508909933793,4077521183.685684,262144,524288,"[0.006911056, 0.006360164, 0.006400845, 0.006429004, 0.006436994]",0.312,lium4090,3c7c7e0,
henad,0.3.0,all,24,128,sir,grid,1024,1024,1024,,,,"{""grid_height"": ""1024"", ""grid_width"": ""1024"", ""infection_rate"": ""0.3"", ""initial_infected_pct"": ""0.01"", ""recovery_rate"": ""0.05""}",100,10,5,5,42,ok,reference,0.017270446,0.017731018,0.018926502,0.017938436600000003,0.0005563858465301224,5639.8341031518885,5913794684.546595,1048576,2097152,"[0.018926502, 0.017270446, 0.017687207, 0.017731018, 0.01807701]",0.389,lium4090,3c7c7e0,
henad,0.3.0,all,24,512,sir,grid,2048,2048,2048,,,,"{""grid_height"": ""2048"", ""grid_width"": ""2048"", ""infection_rate"": ""0.3"", ""initial_infected_pct"": ""0.01"", ""recovery_rate"": ""0.05""}",100,10,5,5,42,ok,reference,0.059027676,0.060249131,0.062479929,0.060359555200000005,0.0011987170426744401,1659.7749766714478,6961600823.75296,4194304,8388608,"[0.062479929, 0.060600452, 0.060249131, 0.059027676, 0.059440588]",0.69,lium4090,3c7c7e0,
henad,0.3.0,all,24,2048,sir,grid,4096,4096,4096,,,,"{""grid_height"": ""4096"", ""grid_width"": ""4096"", ""infection_rate"": ""0.3"", ""initial_infected_pct"": ""0.01"", ""recovery_rate"": ""0.05""}",100,10,5,5,42,ok,reference,0.225249777,0.231471431,0.235482934,0.2311006582,0.0038569786740487643,432.01875742497134,7248072009.370348,16777216,33554432,"[0.228471196, 0.235482934, 0.234827953, 0.231471431, 0.225249777]",1.883,lium4090,3c7c7e0,
henad,0.3.0,all,24,16,boids,agents,1000,,,1000,141.421,141.421,"{""alignment"": ""0.05"", ""cohesion"": ""0.0005"", ""max_speed"": ""15"", ""min_speed"": ""3"", ""num_agents"": ""1000"", ""protected_range"": ""8"", ""separation"": ""0.05"", ""visual_range"": ""50"", ""world_height"": ""141.421"", ""world_width"": ""141.421""}",100,10,5,5,42,ok,reference,0.069833019,0.071268235,0.076205784,0.0729131852,0.002720733302263155,1403.1496640824626,1403149.6640824627,1000,41260,"[0.076174184, 0.071084704, 0.069833019, 0.071268235, 0.076205784]",0.659,lium4090,3c7c7e0,
henad,0.3.0,all,24,47,boids,agents,3000,,,3000,244.949,244.949,"{""alignment"": ""0.05"", ""cohesion"": ""0.0005"", ""max_speed"": ""15"", ""min_speed"": ""3"", ""num_agents"": ""3000"", ""protected_range"": ""8"", ""separation"": ""0.05"", ""visual_range"": ""50"", ""world_height"": ""244.949"", ""world_width"": ""244.949""}",100,10,5,5,42,ok,reference,0.148474184,0.153006741,0.160863111,0.1547121296,0.004973561032478988,653.5659758938333,1960697.9276814999,3000,123788,"[0.160863111, 0.148474184, 0.151002853, 0.160213759, 0.153006741]",1.113,lium4090,3c7c7e0,
henad,0.3.0,all,24,157,boids,agents,10000,,,10000,447.214,447.214,"{""alignment"": ""0.05"", ""cohesion"": ""0.0005"", ""max_speed"": ""15"", ""min_speed"": ""3"", ""num_agents"": ""10000"", ""protected_range"": ""8"", ""separation"": ""0.05"", ""visual_range"": ""50"", ""world_height"": ""447.214"", ""world_width"": ""447.214""}",100,10,5,5,42,ok,reference,0.393992033,0.404114508,0.458425096,0.41275342540000004,0.023219453713872636,247.45461501718717,2474546.1501718718,10000,412708,"[0.458425096, 0.400765412, 0.404114508, 0.406470078, 0.393992033]",2.541,lium4090,3c7c7e0,
henad,0.3.0,all,24,469,boids,agents,30000,,,30000,774.597,774.597,"{""alignment"": ""0.05"", ""cohesion"": ""0.0005"", ""max_speed"": ""15"", ""min_speed"": ""3"", ""num_agents"": ""30000"", ""protected_range"": ""8"", ""separation"": ""0.05"", ""visual_range"": ""50"", ""world_height"": ""774.597"", ""world_width"": ""774.597""}",100,10,5,5,42,ok,reference,1.107615601,1.130456163,1.144501714,1.1259135668,0.014802420677504537,88.45986538267914,2653795.9614803744,30000,1238468,"[1.137333913, 1.144501714, 1.107615601, 1.130456163, 1.109660443]",6.476,lium4090,3c7c7e0,
henad,0.3.0,all,24,1563,boids,agents,100000,,,100000,1414.21,1414.21,"{""alignment"": ""0.05"", ""cohesion"": ""0.0005"", ""max_speed"": ""15"", ""min_speed"": ""3"", ""num_agents"": ""100000"", ""protected_range"": ""8"", ""separation"": ""0.05"", ""visual_range"": ""50"", ""world_height"": ""1414.21"", ""world_width"": ""1414.21""}",100,10,5,5,42,ok,reference,3.975208485,4.009473105,4.038807883,4.0082934364,0.021459420875636993,24.940932980768807,2494093.2980768806,100000,4128228,"[4.020702723, 3.975208485, 4.038807883, 3.997274986, 4.009473105]",22.407,lium4090,3c7c7e0,
henad,0.3.0,all,24,4688,boids,agents,300000,,,300000,2449.49,2449.49,"{""alignment"": ""0.05"", ""cohesion"": ""0.0005"", ""max_speed"": ""15"", ""min_speed"": ""3"", ""num_agents"": ""300000"", ""protected_range"": ""8"", ""separation"": ""0.05"", ""visual_range"": ""50"", ""world_height"": ""2449.49"", ""world_width"": ""2449.49""}",100,10,5,5,42,ok,reference,13.325750604,13.399138066,13.45738218,13.4051220664,0.04854105568592172,7.463166623661238,2238949.9870983716,300000,12385268,"[13.325750604, 13.388754983, 13.45738218, 13.454584499, 13.399138066]",74.178,lium4090,3c7c7e0,
henad,0.3.0,all,24,15625,boids,agents,1000000,,,1000000,4472.14,4472.14,"{""alignment"": ""0.05"", ""cohesion"": ""0.0005"", ""max_speed"": ""15"", ""min_speed"": ""3"", ""num_agents"": ""1000000"", ""protected_range"": ""8"", ""separation"": ""0.05"", ""visual_range"": ""50"", ""world_height"": ""4472.14"", ""world_width"": ""4472.14""}",100,10,5,5,42,ok,reference,106.557723847,108.643194799,109.551708482,108.3731262436,1.0125300079845947,0.9204442136022352,920444.2136022352,1000000,41287300,"[108.168460335, 108.944543755, 106.557723847, 109.551708482, 108.643194799]",596.146,lium4090,3c7c7e0,
henad,0.3.0,all,24,1,ants,agents,2000,,,2000,200,200,"{""evaporation"": ""0.999"", ""momentum"": ""0.8"", ""num_agents"": ""2000"", ""random_action"": ""0.1"", ""reward"": ""1"", ""update_cutdown"": ""0.9"", ""world_height"": ""200"", ""world_width"": ""200""}",200,20,5,5,42,ok,reference,0.070695234,0.070998726,0.074251621,0.0717796762,0.0013216332990139757,2816.9519548843737,5633903.909768747,2000,4604200,"[0.074251621, 0.072047894, 0.070695234, 0.070998726, 0.070904906]",0.669,lium4090,3c7c7e0,
henad,0.3.0,all,24,2,ants,agents,6000,,,6000,346.41,346.41,"{""evaporation"": ""0.999"", ""momentum"": ""0.8"", ""num_agents"": ""6000"", ""random_action"": ""0.1"", ""reward"": ""1"", ""update_cutdown"": ""0.9"", ""world_height"": ""346.41"", ""world_width"": ""346.41""}",200,20,5,5,42,ok,reference,0.137849044,0.140400272,0.147532783,0.141602991,0.0036510075246477384,1424.4986647889116,8546991.98873347,6000,13779824,"[0.147532783, 0.143898038, 0.140400272, 0.138334818, 0.137849044]",1.049,lium4090,3c7c7e0,
henad,0.3.0,all,24,5,ants,agents,20000,,,20000,632.456,632.456,"{""evaporation"": ""0.999"", ""momentum"": ""0.8"", ""num_agents"": ""20000"", ""random_action"": ""0.1"", ""reward"": ""1"", ""update_cutdown"": ""0.9"", ""world_height"": ""632.456"", ""world_width"": ""632.456""}",200,20,5,5,42,ok,reference,0.225750484,0.231231544,0.232620064,0.23047690040000002,0.0024310939325412817,864.9338950052593,17298677.900105186,20000,45974536,"[0.231825678, 0.232620064, 0.231231544, 0.225750484, 0.230956732]",1.69,lium4090,3c7c7e0,
henad,0.3.0,all,24,15,ants,agents,60000,,,60000,1095.45,1095.45,"{""evaporation"": ""0.999"", ""momentum"": ""0.8"", ""num_agents"": ""60000"", ""random_action"": ""0.1"", ""reward"": ""1"", ""update_cutdown"": ""0.9"", ""world_height"": ""1095.45"", ""world_width"": ""1095.45""}",200,20,5,5,42,ok,reference,0.420192502,0.43773938,0.446616214,0.4334656946,0.01016389414863534,456.89286625297456,27413571.975178473,60000,138009050,"[0.439772613, 0.43773938, 0.446616214, 0.420192502, 0.423007764]",3.078,lium4090,3c7c7e0,
henad,0.3.0,all,24,49,ants,agents,200000,,,200000,2000,2000,"{""evaporation"": ""0.999"", ""momentum"": ""0.8"", ""num_agents"": ""200000"", ""random_action"": ""0.1"", ""reward"": ""1"", ""update_cutdown"": ""0.9"", ""world_height"": ""2000"", ""world_width"": ""2000""}",200,20,5,5,42,ok,reference,1.497812327,1.5293252800000001,1.548849296,1.5284004748000002,0.018202155556582885,130.77662588563237,26155325.177126475,200000,108400208,"[1.548849296, 1.52932528, 1.544398396, 1.521617075, 1.497812327]",8.87,lium4090,3c7c7e0,
henad,0.3.0,gpu,24,,game_of_life,grid,64,64,64,,,,"{""density"": ""0.3"", ""grid_height"": ""64"", ""grid_width"": ""64""}",100,10,5,5,42,ok,reference,0.000927056,0.000952877,0.001946354,0.0012902432,0.0004375642197170148,104945.33922006722,429856109.44539535,4096,,"[0.001686712, 0.001946354, 0.000952877, 0.000927056, 0.000938217]",0.345,lium4090,3c7c7e0,
henad,0.3.0,gpu,24,,game_of_life,grid,128,128,128,,,,"{""density"": ""0.3"", ""grid_height"": ""128"", ""grid_width"": ""128""}",100,10,5,5,42,ok,reference,0.000946167,0.000979417,0.001767263,0.001253927,0.0003613733101135168,102101.5563340232,1672831898.9766362,16384,,"[0.001617781, 0.001767263, 0.000959007, 0.000979417, 0.000946167]",0.324,lium4090,3c7c7e0,
henad,0.3.0,gpu,24,,game_of_life,grid,256,256,256,,,,"{""density"": ""0.3"", ""grid_height"": ""256"", ""grid_width"": ""256""}",100,10,5,5,42,ok,reference,0.000941696,0.000964687,0.001748852,0.0012444366,0.00036161563337643466,103660.56555131354,6793498823.970884,65536,,"[0.001619952, 0.001748852, 0.000941696, 0.000946996, 0.000964687]",0.317,lium4090,3c7c7e0,
henad,0.3.0,gpu,24,,game_of_life,grid,512,512,512,,,,"{""density"": ""0.3"", ""grid_height"": ""512"", ""grid_width"": ""512""}",100,10,5,5,42,ok,reference,0.000932606,0.000949767,0.001726523,0.0012343929999999999,0.00036071800828403345,105288.98140280721,27600874740.857494,262144,,"[0.001622022, 0.001726523, 0.000941047, 0.000932606, 0.000949767]",0.327,lium4090,3c7c7e0,
henad,0.3.0,gpu,24,,game_of_life,grid,1024,1024,1024,,,,"{""density"": ""0.3"", ""grid_height"": ""1024"", ""grid_width"": ""1024""}",100,10,5,5,42,ok,reference,0.000921127,0.000962067,0.001680152,0.0012085828,0.00033622995444570374,103942.86468613932,108991993281.13322,1048576,,"[0.001554051, 0.001680152, 0.000962067, 0.000925517, 0.000921127]",0.346,lium4090,3c7c7e0,
henad,0.3.0,gpu,24,,game_of_life,grid,2048,2048,2048,,,,"{""density"": ""0.3"", ""grid_height"": ""2048"", ""grid_width"": ""2048""}",100,10,5,5,42,ok,reference,0.000996108,0.001019318,0.001573511,0.001230209,0.00027322329051308934,98104.81125615363,411481402270.9302,4194304,,"[0.001573511, 0.001555781, 0.001019318, 0.001006327, 0.000996108]",0.404,lium4090,3c7c7e0,
henad,0.3.0,gpu,24,,game_of_life,grid,4096,4096,4096,,,,"{""density"": ""0.3"", ""grid_height"": ""4096"", ""grid_width"": ""4096""}",100,10,5,5,42,ok,reference,0.001262289,0.00128018,0.001805873,0.0013987481999999999,0.00020788250897793204,78114.01521661018,1310535705916.3557,16777216,,"[0.001805873, 0.00137783, 0.00128018, 0.001267569, 0.001262289]",0.66,lium4090,3c7c7e0,
henad,0.3.0,gpu,24,,sir,grid,64,64,64,,,,"{""grid_height"": ""64"", ""grid_width"": ""64"", ""infection_rate"": ""0.3"", ""initial_infected_pct"": ""0.01"", ""recovery_rate"": ""0.05""}",100,10,5,5,42,ok,reference,0.000998337,0.001010467,0.001789113,0.0012910474,0.0003539344985505651,98964.14232231237,405357126.9521915,4096,,"[0.001653502, 0.001789113, 0.001003818, 0.000998337, 0.001010467]",0.323,lium4090,3c7c7e0,
henad,0.3.0,gpu,24,,sir,grid,128,128,128,,,,"{""grid_height"": ""128"", ""grid_width"": ""128"", ""infection_rate"": ""0.3"", ""initial_infected_pct"": ""0.01"", ""recovery_rate"": ""0.05""}",100,10,5,5,42,ok,reference,0.000999937,0.001022028,0.001756523,0.0012821436000000001,0.0003336833776756643,97844.67744523635,1603087195.2627523,16384,,"[0.001617842, 0.001756523, 0.001014388, 0.000999937, 0.001022028]",0.319,lium4090,3c7c7e0,
henad,0.3.0,gpu,24,,sir,grid,256,256,256,,,,"{""grid_height"": ""256"", ""grid_width"": ""256"", ""infection_rate"": ""0.3"", ""initial_infected_pct"": ""0.01"", ""recovery_rate"": ""0.05""}",100,10,5,5,42,ok,reference,0.001022738,0.001061247,0.001628742,0.001263477,0.0002754714749886093,94228.77049357972,6175376703.067241,65536,,"[0.001628742, 0.001570781, 0.001061247, 0.001033877, 0.001022738]",0.33,lium4090,3c7c7e0,
henad,0.3.0,gpu,24,,sir,grid,512,512,512,,,,"{""grid_height"": ""512"", ""grid_width"": ""512"", ""infection_rate"": ""0.3"", ""initial_infected_pct"": ""0.01"", ""recovery_rate"": ""0.05""}",100,10,5,5,42,ok,reference,0.00126438,0.001287999,0.001825624,0.001474071,0.0002490496854452942,77639.81183215205,20352810832.927666,262144,,"[0.001825624, 0.001727443, 0.001287999, 0.00126438, 0.001264909]",0.338,lium4090,3c7c7e0,
henad,0.3.0,gpu,24,,sir,grid,1024,1024,1024,,,,"{""grid_height"": ""1024"", ""grid_width"": ""1024"", ""infection_rate"": ""0.3"", ""initial_infected_pct"": ""0.01"", ""recovery_rate"": ""0.05""}",100,10,5,5,42,ok,reference,0.002057365,0.002082896,0.002243437,0.0021101136,6.762493288011463e-05,48010.078275631626,50342215837.94871,1048576,,"[0.002091915, 0.002243437, 0.002082896, 0.002074955, 0.002057365]",0.373,lium4090,3c7c7e0,
henad,0.3.0,gpu,24,,sir,grid,2048,2048,2048,,,,"{""grid_height"": ""2048"", ""grid_width"": ""2048"", ""infection_rate"": ""0.3"", ""initial_infected_pct"": ""0.01"", ""recovery_rate"": ""0.05""}",100,10,5,5,42,ok,reference,0.005153368,0.005160007,0.005338439,0.0051948998000000005,7.184437429165916e-05,19379.818670788623,81284850970.1634,4194304,,"[0.005159108, 0.005338439, 0.005160007, 0.005153368, 0.005163577]",0.535,lium4090,3c7c7e0,
henad,0.3.0,gpu,24,,sir,grid,4096,4096,4096,,,,"{""grid_height"": ""4096"", ""grid_width"": ""4096"", ""infection_rate"": ""0.3"", ""initial_infected_pct"": ""0.01"", ""recovery_rate"": ""0.05""}",100,10,5,5,42,ok,reference,0.029422225,0.029447796,0.030718185,0.0298459966,0.0005316689962345364,3395.8398788147,56972739148.28805,16777216,,"[0.030718185, 0.030216641, 0.029447796, 0.029422225, 0.029425136]",1.7,lium4090,3c7c7e0,
henad,0.3.0,gpu,24,,boids,agents,1000,,,1000,141.421,141.421,"{""alignment"": ""0.05"", ""cohesion"": ""0.0005"", ""max_speed"": ""15"", ""min_speed"": ""3"", ""num_agents"": ""1000"", ""protected_range"": ""8"", ""separation"": ""0.05"", ""visual_range"": ""50"", ""world_height"": ""141.421"", ""world_width"": ""141.421""}",100,10,5,5,42,ok,reference,0.020945424,0.021311596,0.025497456,0.0220375076,0.0017379606102805214,4692.281141215328,4692281.141215327,1000,,"[0.021394987, 0.025497456, 0.021038075, 0.020945424, 0.021311596]",0.649,lium4090,3c7c7e0,
henad,0.3.0,gpu,24,,boids,agents,3000,,,3000,244.949,244.949,"{""alignment"": ""0.05"", ""cohesion"": ""0.0005"", ""max_speed"": ""15"", ""min_speed"": ""3"", ""num_agents"": ""3000"", ""protected_range"": ""8"", ""separation"": ""0.05"", ""visual_range"": ""50"", ""world_height"": ""244.949"", ""world_width"": ""244.949""}",100,10,5,5,42,ok,reference,0.02181309,0.021996031,0.022598445,0.0221321958,0.0002970735839777082,4546.274734746464,13638824.204239393,3000,,"[0.02181309, 0.022354133, 0.022598445, 0.021996031, 0.02189928]",0.66,lium4090,3c7c7e0,
henad,0.3.0,gpu,24,,boids,agents,10000,,,10000,447.214,447.214,"{""alignment"": ""0.05"", ""cohesion"": ""0.0005"", ""max_speed"": ""15"", ""min_speed"": ""3"", ""num_agents"": ""10000"", ""protected_range"": ""8"", ""separation"": ""0.05"", ""visual_range"": ""50"", ""world_height"": ""447.214"", ""world_width"": ""447.214""}",100,10,5,5,42,ok,reference,0.048120962,0.048724567,0.054084716,0.049667648,0.0022245623433451334,2052.352768984073,20523527.68984073,10000,,"[0.048724567, 0.054084716, 0.048920809, 0.048120962, 0.048487186]",1.083,lium4090,3c7c7e0,
henad,0.3.0,gpu,24,,boids,agents,30000,,,30000,774.597,774.597,"{""alignment"": ""0.05"", ""cohesion"": ""0.0005"", ""max_speed"": ""15"", ""min_speed"": ""3"", ""num_agents"": ""30000"", ""protected_range"": ""8"", ""separation"": ""0.05"", ""visual_range"": ""50"", ""world_height"": ""774.597"", ""world_width"": ""774.597""}",100,10,5,5,42,ok,reference,0.057672163,0.057885084,0.063144013,0.058903512000000005,0.0021228707125732355,1727.5607650495938,51826822.95148781,30000,,"[0.057885084, 0.063144013, 0.057818304, 0.057672163, 0.057997996]",1.271,lium4090,3c7c7e0,
henad,0.3.0,gpu,24,,boids,agents,100000,,,100000,1414.21,1414.21,"{""alignment"": ""0.05"", ""cohesion"": ""0.0005"", ""max_speed"": ""15"", ""min_speed"": ""3"", ""num_agents"": ""100000"", ""protected_range"": ""8"", ""separation"": ""0.05"", ""visual_range"": ""50"", ""world_height"": ""1414.21"", ""world_width"": ""1414.21""}",100,10,5,5,42,ok,reference,0.229610036,0.229859528,0.23444614,0.2307136334,0.0018685573972606366,435.0483135073696,43504831.35073696,100000,,"[0.229784156, 0.23444614, 0.229868307, 0.229610036, 0.229859528]",4.314,lium4090,3c7c7e0,
henad,0.3.0,gpu,24,,boids,agents,300000,,,300000,2449.49,2449.49,"{""alignment"": ""0.05"", ""cohesion"": ""0.0005"", ""max_speed"": ""15"", ""min_speed"": ""3"", ""num_agents"": ""300000"", ""protected_range"": ""8"", ""separation"": ""0.05"", ""visual_range"": ""50"", ""world_height"": ""2449.49"", ""world_width"": ""2449.49""}",100,10,5,5,42,ok,reference,1.181463165,1.182757688,1.184351291,1.1827668298,0.0009325616493224219,84.54817162854071,25364451.488562215,300000,,"[1.182856075, 1.184351291, 1.18240593, 1.181463165, 1.182757688]",22.681,lium4090,3c7c7e0,
henad,0.3.0,gpu,24,,boids,agents,1000000,,,1000000,4472.14,4472.14,"{""alignment"": ""0.05"", ""cohesion"": ""0.0005"", ""max_speed"": ""15"", ""min_speed"": ""3"", ""num_agents"": ""1000000"", ""protected_range"": ""8"", ""separation"": ""0.05"", ""visual_range"": ""50"", ""world_height"": ""4472.14"", ""world_width"": ""4472.14""}",100,10,5,5,42,ok,reference,5.171871972,5.174267464,5.179108302,5.1746799708,0.002393082335520047,19.326407205609424,19326407.205609426,1000000,,"[5.174267464, 5.179108302, 5.173729895, 5.171871972, 5.174422221]",97.695,lium4090,3c7c7e0,
henad,0.3.0,gpu,24,,ants,agents,2000,,,2000,200,200,"{""evaporation"": ""0.999"", ""momentum"": ""0.8"", ""num_agents"": ""2000"", ""random_action"": ""0.1"", ""reward"": ""1"", ""update_cutdown"": ""0.9"", ""world_height"": ""200"", ""world_width"": ""200""}",200,20,5,5,42,ok,reference,0.003800949,0.003853299,0.003875469,0.003844167,2.4986038821709977e-05,51903.576649515126,103807153.29903026,2000,,"[0.003875469, 0.003855219, 0.003800949, 0.003853299, 0.003835899]",0.365,lium4090,3c7c7e0,
henad,0.3.0,gpu,24,,ants,agents,6000,,,6000,346.41,346.41,"{""evaporation"": ""0.999"", ""momentum"": ""0.8"", ""num_agents"": ""6000"", ""random_action"": ""0.1"", ""reward"": ""1"", ""update_cutdown"": ""0.9"", ""world_height"": ""346.41"", ""world_width"": ""346.41""}",200,20,5,5,42,ok,reference,0.00402862,0.004138741,0.004772456,0.0042703702,0.00028002546130907437,48323.8743376307,289943246.0257842,6000,,"[0.004138741, 0.004038791, 0.00402862, 0.004772456, 0.004373243]",0.371,lium4090,3c7c7e0,
henad,0.3.0,gpu,24,,ants,agents,20000,,,20000,632.456,632.456,"{""evaporation"": ""0.999"", ""momentum"": ""0.8"", ""num_agents"": ""20000"", ""random_action"": ""0.1"", ""reward"": ""1"", ""update_cutdown"": ""0.9"", ""world_height"": ""632.456"", ""world_width"": ""632.456""}",200,20,5,5,42,ok,reference,0.004702526,0.004724426,0.004766116,0.0047275578,2.227551896050907e-05,42333.18502607512,846663700.5215025,20000,,"[0.004766116, 0.004724426, 0.004710035, 0.004734686, 0.004702526]",0.383,lium4090,3c7c7e0,
henad,0.3.0,gpu,24,,ants,agents,60000,,,60000,1095.45,1095.45,"{""evaporation"": ""0.999"", ""momentum"": ""0.8"", ""num_agents"": ""60000"", ""random_action"": ""0.1"", ""reward"": ""1"", ""update_cutdown"": ""0.9"", ""world_height"": ""1095.45"", ""world_width"": ""1095.45""}",200,20,5,5,42,ok,reference,0.007161194,0.007173565,0.007190604,0.007173924199999999,9.81539077979059e-06,27880.14048802792,1672808429.281675,60000,,"[0.007190604, 0.007161194, 0.007176304, 0.007173565, 0.007167954]",0.469,lium4090,3c7c7e0,
henad,0.3.0,gpu,24,,ants,agents,200000,,,200000,2000,2000,"{""evaporation"": ""0.999"", ""momentum"": ""0.8"", ""num_agents"": ""200000"", ""random_action"": ""0.1"", ""reward"": ""1"", ""update_cutdown"": ""0.9"", ""world_height"": ""2000"", ""world_width"": ""2000""}",200,20,5,5,42,ok,reference,0.022648792,0.022714062,0.022862463,0.0227241362,7.50716936971583e-05,8805.118168648127,1761023633.7296252,200000,,"[0.022714062, 0.022862463, 0.022728232, 0.022667132, 0.022648792]",0.829,lium4090,3c7c7e0,
mesa,3.5.1,default,1,,game_of_life,grid,64,64,64,,,,"{""density"": ""0.3"", ""grid_height"": ""64"", ""grid_width"": ""64""}",100,10,5,5,42,ok,yes,0.5358658218756318,0.5592933590523899,0.5686986991204321,0.5537906151264906,0.013521204986128908,178.79704520259259,732352.6971498192,4096,,"[0.565532115, 0.568698699, 0.559293359, 0.535865822, 0.539563081]",4.121,lium4090,3c7c7e0,
mesa,3.5.1,default,1,,game_of_life,grid,128,128,128,,,,"{""density"": ""0.3"", ""grid_height"": ""128"", ""grid_width"": ""128""}",100,10,5,5,42,ok,yes,2.1800283659249544,2.203464434016496,2.2235357868485153,2.2033574214205145,0.0178727675471024,45.38307878095361,743556.362747144,16384,,"[2.222783511, 2.223535787, 2.186975009, 2.180028366, 2.203464434]",14.243,lium4090,3c7c7e0,
mesa,3.5.1,default,1,,game_of_life,grid,256,256,256,,,,"{""density"": ""0.3"", ""grid_height"": ""256"", ""grid_width"": ""256""}",100,10,5,5,42,ok,yes,9.377375375013798,9.480266987811774,9.7320391042158,9.55357090299949,0.14636705381367351,10.54822613419687,691288.5479307261,65536,,"[9.723854151, 9.732039104, 9.377375375, 9.454318897, 9.480266988]",59.235,lium4090,3c7c7e0,
mesa,3.5.1,default,1,,game_of_life,grid,512,512,512,,,,"{""density"": ""0.3"", ""grid_height"": ""512"", ""grid_width"": ""512""}",100,10,5,5,42,ok,yes,40.907416603993624,41.272449037991464,41.37542586307973,41.16430739564821,0.18479456277055825,2.422923822813363,635154.9426075863,262144,,"[40.907416604, 40.980574899, 41.285670574, 41.375425863, 41.272449038]",252.891,lium4090,3c7c7e0,
mesa,3.5.1,default,1,,game_of_life,grid,1024,1024,1024,,,,"{""density"": ""0.3"", ""grid_height"": ""1024"", ""grid_width"": ""1024""}",100,10,5,4,42,over_budget,yes,172.89391090115532,175.9211833437439,177.2334314030595,175.49242724792566,1.6791116210301889,0.568436376445942,596048.7418681801,1048576,,"[176.671722181, 172.893910901, 177.233431403, 175.170644507]",1000.32,lium4090,3c7c7e0,4 of 5 reps in 1000s
mesa,,default,1,,game_of_life,grid,2048,2048,2048,,,,"{""density"": ""0.3"", ""grid_height"": ""2048"", ""grid_width"": ""2048""}",100,10,5,,42,skipped,yes,,,,,,,,,,,,lium4090,3c7c7e0,a smaller point did not finish
mesa,,default,1,,game_of_life,grid,4096,4096,4096,,,,"{""density"": ""0.3"", ""grid_height"": ""4096"", ""grid_width"": ""4096""}",100,10,5,,42,skipped,yes,,,,,,,,,,,,lium4090,3c7c7e0,a smaller point did not finish
mesa,3.5.1,default,1,,sir,grid,64,64,64,,,,"{""grid_height"": ""64"", ""grid_width"": ""64"", ""infection_rate"": ""0.3"", ""initial_infected_pct"": ""0.01"", ""recovery_rate"": ""0.05""}",100,10,5,5,42,ok,yes,0.1335519808344543,0.13566066324710846,0.13832683116197586,0.13559537259861826,0.0016654446691168007,737.1333561730279,3019298.2268847222,4096,,"[0.133551981, 0.138326831, 0.134232748, 0.135660663, 0.136204639]",1.902,lium4090,3c7c7e0,
mesa,3.5.1,default,1,,sir,grid,128,128,128,,,,"{""grid_height"": ""128"", ""grid_width"": ""128"", ""infection_rate"": ""0.3"", ""initial_infected_pct"": ""0.01"", ""recovery_rate"": ""0.05""}",100,10,5,5,42,ok,yes,0.5508543322794139,0.5870798612013459,0.6007097531110048,0.5785157463513315,0.021574762574300403,170.3345773015774,2790761.7145090443,16384,,"[0.554702114, 0.550854332, 0.599232671, 0.587079861, 0.600709753]",5.943,lium4090,3c7c7e0,
mesa,3.5.1,default,1,,sir,grid,256,256,256,,,,"{""grid_height"": ""256"", ""grid_width"": ""256"", ""infection_rate"": ""0.3"", ""initial_infected_pct"": ""0.01"", ""recovery_rate"": ""0.05""}",100,10,5,5,42,ok,yes,2.2103611729107797,2.241644910071045,2.3276974163018167,2.2631682713516055,0.045298939273996905,44.61009839280507,2923567.408270873,65536,,"[2.327697416, 2.24164491, 2.210361173, 2.305459311, 2.230678547]",21.75,lium4090,3c7c7e0,
mesa,3.5.1,default,1,,sir,grid,512,512,512,,,,"{""grid_height"": ""512"", ""grid_width"": ""512"", ""infection_rate"": ""0.3"", ""initial_infected_pct"": ""0.01"", ""recovery_rate"": ""0.05""}",100,10,5,5,42,ok,yes,9.687641150318086,9.773116753902286,9.97651444002986,9.799581705313177,0.09564629299631378,10.23215034856421,2682296.820974016,262144,,"[9.795526954, 9.97651444, 9.765109228, 9.68764115, 9.773116754]",92.462,lium4090,3c7c7e0,
mesa,3.5.1,default,1,,sir,grid,1024,1024,1024,,,,"{""grid_height"": ""1024"", ""grid_width"": ""1024"", ""infection_rate"": ""0.3"", ""initial_infected_pct"": ""0.01"", ""recovery_rate"": ""0.05""}",100,10,5,5,42,ok,yes,42.23836606601253,42.77275607222691,44.2647022427991,43.132742326054725,0.858940210782915,2.337936789276287,2451504.406752172,1048576,,"[42.772756072, 42.336456604, 44.051430645, 42.238366066, 44.264702243]",390.255,lium4090,3c7c7e0,
mesa,3.5.1,default,1,,sir,grid,2048,2048,2048,,,,"{""grid_height"": ""2048"", ""grid_width"": ""2048"", ""infection_rate"": ""0.3"", ""initial_infected_pct"": ""0.01"", ""recovery_rate"": ""0.05""}",100,10,5,3,42,over_budget,yes,185.72257295576856,186.91708885412663,191.62726538814604,188.0889757326804,2.5490308383565283,0.5349965624493636,2243938.2218676154,4194304,,"[185.722572956, 191.627265388, 186.917088854]",1000.89,lium4090,3c7c7e0,3 of 5 reps in 1001s
mesa,,default,1,,sir,grid,4096,4096,4096,,,,"{""grid_height"": ""4096"", ""grid_width"": ""4096"", ""infection_rate"": ""0.3"", ""initial_infected_pct"": ""0.01"", ""recovery_rate"": ""0.05""}",100,10,5,,42,skipped,yes,,,,,,,,,,,,lium4090,3c7c7e0,a smaller point did not finish
mesa,3.5.1,default,1,,boids,agents,1000,,,1000,141.421,141.421,"{""alignment"": ""0.05"", ""cohesion"": ""0.0005"", ""max_speed"": ""15"", ""min_speed"": ""3"", ""num_agents"": ""1000"", ""protected_range"": ""8"", ""separation"": ""0.05"", ""visual_range"": ""50"", ""world_height"": ""141.421"", ""world_width"": ""141.421""}",100,10,5,5,42,ok,yes,56.979595054872334,57.320607780944556,57.94392773415893,57.35745811061933,0.31916101003536224,1.744573267299577,1744.573267299577,1000,,"[57.943927734, 56.979595055, 57.214643211, 57.320607781, 57.328516772]",315.604,lium4090,3c7c7e0,
mesa,3.5.1,default,1,,boids,agents,3000,,,3000,244.949,244.949,"{""alignment"": ""0.05"", ""cohesion"": ""0.0005"", ""max_speed"": ""15"", ""min_speed"": ""3"", ""num_agents"": ""3000"", ""protected_range"": ""8"", ""separation"": ""0.05"", ""visual_range"": ""50"", ""world_height"": ""244.949"", ""world_width"": ""244.949""}",100,10,5,4,42,over_budget,yes,180.73214019089937,181.83088218723424,182.3572371257469,181.6877854227787,0.6776764926288141,0.5499615840670473,1649.884752201142,3000,,"[181.364725049, 182.297039325, 182.357237126, 180.732140191]",1000.11,lium4090,3c7c7e0,4 of 5 reps in 1000s
mesa,,default,1,,boids,agents,10000,,,10000,447.214,447.214,"{""alignment"": ""0.05"", ""cohesion"": ""0.0005"", ""max_speed"": ""15"", ""min_speed"": ""3"", ""num_agents"": ""10000"", ""protected_range"": ""8"", ""separation"": ""0.05"", ""visual_range"": ""50"", ""world_height"": ""447.214"", ""world_width"": ""447.214""}",100,10,5,,42,skipped,yes,,,,,,,,,,,,lium4090,3c7c7e0,a smaller point did not finish
mesa,,default,1,,boids,agents,30000,,,30000,774.597,774.597,"{""alignment"": ""0.05"", ""cohesion"": ""0.0005"", ""max_speed"": ""15"", ""min_speed"": ""3"", ""num_agents"": ""30000"", ""protected_range"": ""8"", ""separation"": ""0.05"", ""visual_range"": ""50"", ""world_height"": ""774.597"", ""world_width"": ""774.597""}",100,10,5,,42,skipped,yes,,,,,,,,,,,,lium4090,3c7c7e0,a smaller point did not finish
mesa,,default,1,,boids,agents,100000,,,100000,1414.21,1414.21,"{""alignment"": ""0.05"", ""cohesion"": ""0.0005"", ""max_speed"": ""15"", ""min_speed"": ""3"", ""num_agents"": ""100000"", ""protected_range"": ""8"", ""separation"": ""0.05"", ""visual_range"": ""50"", ""world_height"": ""1414.21"", ""world_width"": ""1414.21""}",100,10,5,,42,skipped,yes,,,,,,,,,,,,lium4090,3c7c7e0,a smaller point did not finish
mesa,,default,1,,boids,agents,300000,,,300000,2449.49,2449.49,"{""alignment"": ""0.05"", ""cohesion"": ""0.0005"", ""max_speed"": ""15"", ""min_speed"": ""3"", ""num_agents"": ""300000"", ""protected_range"": ""8"", ""separation"": ""0.05"", ""visual_range"": ""50"", ""world_height"": ""2449.49"", ""world_width"": ""2449.49""}",100,10,5,,42,skipped,yes,,,,,,,,,,,,lium4090,3c7c7e0,a smaller point did not finish
mesa,,default,1,,boids,agents,1000000,,,1000000,4472.14,4472.14,"{""alignment"": ""0.05"", ""cohesion"": ""0.0005"", ""max_speed"": ""15"", ""min_speed"": ""3"", ""num_agents"": ""1000000"", ""protected_range"": ""8"", ""separation"": ""0.05"", ""visual_range"": ""50"", ""world_height"": ""4472.14"", ""world_width"": ""4472.14""}",100,10,5,,42,skipped,yes,,,,,,,,,,,,lium4090,3c7c7e0,a smaller point did not finish
mesa,3.5.1,default,1,,ants,agents,2000,,,2000,200,200,"{""evaporation"": ""0.999"", ""momentum"": ""0.8"", ""num_agents"": ""2000"", ""random_action"": ""0.1"", ""reward"": ""1"", ""update_cutdown"": ""0.9"", ""world_height"": ""200"", ""world_width"": ""200""}",200,20,5,5,42,ok,yes,3.8218448339030147,4.047680606134236,4.525042621418834,4.119204212259501,0.2502646569557115,49.41101323481433,98822.02646962865,2000,,"[3.821844834, 4.265402091, 4.525042621, 3.936050909, 4.047680606]",25.284,lium4090,3c7c7e0,
mesa,3.5.1,default,1,,ants,agents,6000,,,6000,346.41,346.41,"{""evaporation"": ""0.999"", ""momentum"": ""0.8"", ""num_agents"": ""6000"", ""random_action"": ""0.1"", ""reward"": ""1"", ""update_cutdown"": ""0.9"", ""world_height"": ""346.41"", ""world_width"": ""346.41""}",200,20,5,5,42,ok,yes,12.708454665262252,13.026926898397505,13.102906504180282,12.969269861746579,0.14854485734039558,15.352815100590055,92116.89060354033,6000,,"[12.708454665, 13.102906504, 13.026926898, 12.907325916, 13.100735325]",77.641,lium4090,3c7c7e0,
mesa,3.5.1,default,1,,ants,agents,20000,,,20000,632.456,632.456,"{""evaporation"": ""0.999"", ""momentum"": ""0.8"", ""num_agents"": ""20000"", ""random_action"": ""0.1"", ""reward"": ""1"", ""update_cutdown"": ""0.9"", ""world_height"": ""632.456"", ""world_width"": ""632.456""}",200,20,5,5,42,ok,yes,42.43128010025248,42.62447697808966,43.366741055157036,42.788726328592745,0.3675499928310969,4.6921396854395745,93842.79370879149,20000,,"[43.064731499, 43.366741055, 42.45640201, 42.4312801, 42.624476978]",254.486,lium4090,3c7c7e0,
mesa,3.5.1,default,1,,ants,agents,60000,,,60000,1095.45,1095.45,"{""evaporation"": ""0.999"", ""momentum"": ""0.8"", ""num_agents"": ""60000"", ""random_action"": ""0.1"", ""reward"": ""1"", ""update_cutdown"": ""0.9"", ""world_height"": ""1095.45"", ""world_width"": ""1095.45""}",200,20,5,5,42,ok,yes,127.80074549699202,129.19291320396587,129.46016396395862,128.9580602512695,0.615228570781358,1.5480725299865794,92884.35179919476,60000,,"[128.88758023, 129.460163964, 127.800745497, 129.192913204, 129.448898361]",771.336,lium4090,3c7c7e0,
mesa,3.5.1,default,1,,ants,agents,200000,,,200000,2000,2000,"{""evaporation"": ""0.999"", ""momentum"": ""0.8"", ""num_agents"": ""200000"", ""random_action"": ""0.1"", ""reward"": ""1"", ""update_cutdown"": ""0.9"", ""world_height"": ""2000"", ""world_width"": ""2000""}",200,20,5,1,42,over_budget,yes,421.940273408778,421.940273408778,421.940273408778,421.940273408778,0.0,0.4740007356591887,94800.14713183774,200000,,[421.940273409],1000.453,lium4090,3c7c7e0,1 of 5 reps in 1000s
netlogo,NetLogo 7.0.4,default,1,,game_of_life,grid,64,64,64,,,,"{""density"": ""0.3"", ""grid_height"": ""64"", ""grid_width"": ""64""}",100,10,5,5,42,ok,yes,0.049223097,0.055864509,0.079494949,0.0620240624,0.011090687461483449,1790.045268275785,7332025.418857615,4096,19522344,"[0.055864509, 0.079494949, 0.070078822, 0.049223097, 0.055458935]",1.948,lium4090,3c7c7e0,
netlogo,NetLogo 7.0.4,default,1,,game_of_life,grid,128,128,128,,,,"{""density"": ""0.3"", ""grid_height"": ""128"", ""grid_width"": ""128""}",100,10,5,5,42,ok,yes,0.235885232,0.269830297,0.312496964,0.2734797634,0.028326468479994017,370.60330552873387,6071964.557782776,16384,24811200,"[0.312496964, 0.251566488, 0.297619836, 0.235885232, 0.269830297]",3.464,lium4090,3c7c7e0,
netlogo,NetLogo 7.0.4,default,1,,game_of_life,grid,256,256,256,,,,"{""density"": ""0.3"", ""grid_height"": ""256"", ""grid_width"": ""256""}",100,10,5,5,42,ok,yes,2.390223253,2.449089239,2.742827789,2.5503823728,0.15007020721837824,40.83150520102383,2675933.5248542977,65536,45459760,"[2.449089239, 2.742827789, 2.7214103, 2.448361283, 2.390223253]",18.867,lium4090,3c7c7e0,
netlogo,NetLogo 7.0.4,default,1,,game_of_life,grid,512,512,512,,,,"{""density"": ""0.3"", ""grid_height"": ""512"", ""grid_width"": ""512""}",100,10,5,5,42,ok,yes,14.828959454,14.986440514,15.186295791,15.0067443556,0.13030503012344768,6.67269855751152,1749207.8906603,262144,130671288,"[14.914852856, 14.828959454, 15.186295791, 15.117173163, 14.986440514]",103.593,lium4090,3c7c7e0,
netlogo,NetLogo 7.0.4,default,1,,game_of_life,grid,1024,1024,1024,,,,"{""density"": ""0.3"", ""grid_height"": ""1024"", ""grid_width"": ""1024""}",100,10,5,5,42,ok,yes,70.034420296,70.819777564,71.113970598,70.6293915944,0.40255098944784073,1.4120349348687202,1480625.9438649032,1048576,492979896,"[70.034420296, 70.891042339, 70.819777564, 70.287747175, 71.113970598]",475.574,lium4090,3c7c7e0,
netlogo,NetLogo 7.0.4,default,1,,game_of_life,grid,2048,2048,2048,,,,"{""density"": ""0.3"", ""grid_height"": ""2048"", ""grid_width"": ""2048""}",100,10,5,1,42,over_budget,yes,375.184390056,375.184390056,375.184390056,375.184390056,0.0,0.26653560929087167,1117931.3721911402,4194304,1885287528,[375.184390056],1000.688,lium4090,3c7c7e0,1 of 5 reps in 1001s
netlogo,NetLogo 7.0.4,default,1,,game_of_life,grid,4096,4096,4096,,,,"{""density"": ""0.3"", ""grid_height"": ""4096"", ""grid_width"": ""4096""}",100,10,5,,42,skipped,yes,,,,,,,,,,,,lium4090,3c7c7e0,a smaller point did not finish
netlogo,NetLogo 7.0.4,default,1,,sir,grid,64,64,64,,,,"{""grid_height"": ""64"", ""grid_width"": ""64"", ""infection_rate"": ""0.3"", ""initial_infected_pct"": ""0.01"", ""recovery_rate"": ""0.05""}",100,10,5,5,42,ok,yes,0.042584024,0.059082494,0.071062764,0.056715498399999995,0.009809141958206306,1692.5487268699253,6932679.585259214,4096,19459304,"[0.059082494, 0.071062764, 0.061195399, 0.042584024, 0.049652811]",2.044,lium4090,3c7c7e0,
netlogo,NetLogo 7.0.4,default,1,,sir,grid,128,128,128,,,,"{""grid_height"": ""128"", ""grid_width"": ""128"", ""infection_rate"": ""0.3"", ""initial_infected_pct"": ""0.01"", ""recovery_rate"": ""0.05""}",100,10,5,5,42,ok,yes,0.17215605,0.287028498,0.32174499,0.2601224082,0.053928380012260475,348.3974612165514,5708144.004571978,16384,24395304,"[0.293618702, 0.226063801, 0.32174499, 0.17215605, 0.287028498]",3.534,lium4090,3c7c7e0,
netlogo,NetLogo 7.0.4,default,1,,sir,grid,256,256,256,,,,"{""grid_height"": ""256"", ""grid_width"": ""256"", ""infection_rate"": ""0.3"", ""initial_infected_pct"": ""0.01"", ""recovery_rate"": ""0.05""}",100,10,5,5,42,ok,yes,1.999103709,2.111872526,2.364830168,2.1858680748,0.1433843886715679,47.35134283384299,3103217.6039587343,65536,42705792,"[2.110434977, 2.364830168, 1.999103709, 2.343098994, 2.111872526]",17.21,lium4090,3c7c7e0,
netlogo,NetLogo 7.0.4,default,1,,sir,grid,512,512,512,,,,"{""grid_height"": ""512"", ""grid_width"": ""512"", ""infection_rate"": ""0.3"", ""initial_infected_pct"": ""0.01"", ""recovery_rate"": ""0.05""}",100,10,5,5,42,ok,yes,7.994009138,8.156289412,8.427197924,8.1758555046,0.15535611936558705,12.260477154338624,3214010.523146944,262144,121307632,"[8.044102946, 8.156289412, 8.257678103, 8.427197924, 7.994009138]",61.763,lium4090,3c7c7e0,
netlogo,NetLogo 7.0.4,default,1,,sir,grid,1024,1024,1024,,,,"{""grid_height"": ""1024"", ""grid_width"": ""1024"", ""infection_rate"": ""0.3"", ""initial_infected_pct"": ""0.01"", ""recovery_rate"": ""0.05""}",100,10,5,5,42,ok,yes,37.165826597,37.345719452,37.609988557,37.3835665774,0.15726428972907577,2.6776830508923197,2807754.182772465,1048576,466693992,"[37.165826597, 37.505678125, 37.345719452, 37.290620156, 37.609988557]",276.223,lium4090,3c7c7e0,
netlogo,NetLogo 7.0.4,default,1,,sir,grid,2048,2048,2048,,,,"{""grid_height"": ""2048"", ""grid_width"": ""2048"", ""infection_rate"": ""0.3"", ""initial_infected_pct"": ""0.01"", ""recovery_rate"": ""0.05""}",100,10,5,2,42,over_budget,yes,228.837888287,236.652980238,244.468072189,236.652980238,7.815091950999999,0.4225596478837106,1772343.6213572389,4194304,1778650216,"[228.837888287, 244.468072189]",1000.653,lium4090,3c7c7e0,2 of 5 reps in 1001s
netlogo,NetLogo 7.0.4,default,1,,sir,grid,4096,4096,4096,,,,"{""grid_height"": ""4096"", ""grid_width"": ""4096"", ""infection_rate"": ""0.3"", ""initial_infected_pct"": ""0.01"", ""recovery_rate"": ""0.05""}",100,10,5,,42,skipped,yes,,,,,,,,,,,,lium4090,3c7c7e0,a smaller point did not finish
netlogo,NetLogo 7.0.4,default,1,,boids,agents,1000,,,1000,141.421,141.421,"{""alignment"": ""0.05"", ""cohesion"": ""0.0005"", ""max_speed"": ""15"", ""min_speed"": ""3"", ""num_agents"": ""1000"", ""protected_range"": ""8"", ""separation"": ""0.05"", ""visual_range"": ""50"", ""world_height"": ""141.421"", ""world_width"": ""141.421""}",100,10,5,5,42,ok,yes,34.331810137,35.045534718,35.598914422,35.0803433944,0.472752971125405,2.8534305669657325,2853.4305669657324,1000,25893216,"[35.598914422, 35.56769043, 35.045534718, 34.857767265, 34.331810137]",234.332,lium4090,3c7c7e0,
netlogo,NetLogo 7.0.4,default,1,,boids,agents,3000,,,3000,244.949,244.949,"{""alignment"": ""0.05"", ""cohesion"": ""0.0005"", ""max_speed"": ""15"", ""min_speed"": ""3"", ""num_agents"": ""3000"", ""protected_range"": ""8"", ""separation"": ""0.05"", ""visual_range"": ""50"", ""world_height"": ""244.949"", ""world_width"": ""244.949""}",100,10,5,5,42,ok,yes,118.115804417,121.329055501,125.901764026,121.191403989,2.669056571087035,0.8242048830519066,2472.61464915572,3000,39003672,"[125.901764026, 121.329055501, 118.115804417, 119.213676025, 121.396719976]",804.119,lium4090,3c7c7e0,
netlogo,NetLogo 7.0.4,default,1,,boids,agents,10000,,,10000,447.214,447.214,"{""alignment"": ""0.05"", ""cohesion"": ""0.0005"", ""max_speed"": ""15"", ""min_speed"": ""3"", ""num_agents"": ""10000"", ""protected_range"": ""8"", ""separation"": ""0.05"", ""visual_range"": ""50"", ""world_height"": ""447.214"", ""world_width"": ""447.214""}",100,10,5,0,42,timeout,yes,,,,,,,,0,,[],1000.159,lium4090,3c7c7e0,0 of 5 reps in 1000s
netlogo,NetLogo 7.0.4,default,1,,boids,agents,30000,,,30000,774.597,774.597,"{""alignment"": ""0.05"", ""cohesion"": ""0.0005"", ""max_speed"": ""15"", ""min_speed"": ""3"", ""num_agents"": ""30000"", ""protected_range"": ""8"", ""separation"": ""0.05"", ""visual_range"": ""50"", ""world_height"": ""774.597"", ""world_width"": ""774.597""}",100,10,5,,42,skipped,yes,,,,,,,,,,,,lium4090,3c7c7e0,a smaller point did not finish
netlogo,NetLogo 7.0.4,default,1,,boids,agents,100000,,,100000,1414.21,1414.21,"{""alignment"": ""0.05"", ""cohesion"": ""0.0005"", ""max_speed"": ""15"", ""min_speed"": ""3"", ""num_agents"": ""100000"", ""protected_range"": ""8"", ""separation"": ""0.05"", ""visual_range"": ""50"", ""world_height"": ""1414.21"", ""world_width"": ""1414.21""}",100,10,5,,42,skipped,yes,,,,,,,,,,,,lium4090,3c7c7e0,a smaller point did not finish
netlogo,NetLogo 7.0.4,default,1,,boids,agents,300000,,,300000,2449.49,2449.49,"{""alignment"": ""0.05"", ""cohesion"": ""0.0005"", ""max_speed"": ""15"", ""min_speed"": ""3"", ""num_agents"": ""300000"", ""protected_range"": ""8"", ""separation"": ""0.05"", ""visual_range"": ""50"", ""world_height"": ""2449.49"", ""world_width"": ""2449.49""}",100,10,5,,42,skipped,yes,,,,,,,,,,,,lium4090,3c7c7e0,a smaller point did not finish
netlogo,NetLogo 7.0.4,default,1,,boids,agents,1000000,,,1000000,4472.14,4472.14,"{""alignment"": ""0.05"", ""cohesion"": ""0.0005"", ""max_speed"": ""15"", ""min_speed"": ""3"", ""num_agents"": ""1000000"", ""protected_range"": ""8"", ""separation"": ""0.05"", ""visual_range"": ""50"", ""world_height"": ""4472.14"", ""world_width"": ""4472.14""}",100,10,5,,42,skipped,yes,,,,,,,,,,,,lium4090,3c7c7e0,a smaller point did not finish
netlogo,NetLogo 7.0.4,default,1,,ants,agents,2000,,,2000,200,200,"{""evaporation"": ""0.999"", ""momentum"": ""0.8"", ""num_agents"": ""2000"", ""random_action"": ""0.1"", ""reward"": ""1"", ""update_cutdown"": ""0.9"", ""world_height"": ""200"", ""world_width"": ""200""}",200,20,5,5,42,ok,yes,3.446163482,3.580393865,3.814013114,3.5901708382,0.1224981854662052,55.85977619811389,111719.55239622778,2000,34096960,"[3.446163482, 3.580393865, 3.583741664, 3.526542066, 3.814013114]",26.109,lium4090,3c7c7e0,
netlogo,NetLogo 7.0.4,default,1,,ants,agents,6000,,,6000,346.41,346.41,"{""evaporation"": ""0.999"", ""momentum"": ""0.8"", ""num_agents"": ""6000"", ""random_action"": ""0.1"", ""reward"": ""1"", ""update_cutdown"": ""0.9"", ""world_height"": ""346.41"", ""world_width"": ""346.41""}",200,20,5,5,42,ok,yes,11.472623207,11.951463517,12.226868501,11.8511477248,0.29913584585367065,16.73435221682399,100406.11330094394,6000,61505440,"[11.472623207, 12.226868501, 11.951463517, 12.074555989, 11.53022741]",81.452,lium4090,3c7c7e0,
netlogo,NetLogo 7.0.4,default,1,,ants,agents,20000,,,20000,632.456,632.456,"{""evaporation"": ""0.999"", ""momentum"": ""0.8"", ""num_agents"": ""20000"", ""random_action"": ""0.1"", ""reward"": ""1"", ""update_cutdown"": ""0.9"", ""world_height"": ""632.456"", ""world_width"": ""632.456""}",200,20,5,5,42,ok,yes,40.129407265,40.501181934,40.877232929,40.505496537,0.26759740490167544,4.938127492820244,98762.54985640489,20000,157771632,"[40.129407265, 40.707762832, 40.311897725, 40.877232929, 40.501181934]",272.918,lium4090,3c7c7e0,
netlogo,NetLogo 7.0.4,default,1,,ants,agents,60000,,,60000,1095.45,1095.45,"{""evaporation"": ""0.999"", ""momentum"": ""0.8"", ""num_agents"": ""60000"", ""random_action"": ""0.1"", ""reward"": ""1"", ""update_cutdown"": ""0.9"", ""world_height"": ""1095.45"", ""world_width"": ""1095.45""}",200,20,5,5,42,ok,yes,126.774799578,128.085987991,128.616542246,127.9599255748,0.6433059917623303,1.5614510465739084,93687.0627944345,60000,442871728,"[126.774799578, 127.899738984, 128.085987991, 128.616542246, 128.422559075]",869.533,lium4090,3c7c7e0,
netlogo,NetLogo 7.0.4,default,1,,ants,agents,200000,,,200000,2000,2000,"{""evaporation"": ""0.999"", ""momentum"": ""0.8"", ""num_agents"": ""200000"", ""random_action"": ""0.1"", ""reward"": ""1"", ""update_cutdown"": ""0.9"", ""world_height"": ""2000"", ""world_width"": ""2000""}",200,20,5,0,42,timeout,yes,,,,,,,,0,,[],1000.593,lium4090,3c7c7e0,0 of 5 reps in 1001s
mason,22.0,default,1,,game_of_life,grid,64,64,64,,,,"{""density"": ""0.3"", ""grid_height"": ""64"", ""grid_width"": ""64""}",100,10,5,5,42,ok,yes,0.001635299,0.00169895,0.009074374,0.0031852609999999996,0.0029457085881687615,58859.88404602843,241090085.05253243,4096,1452608,"[0.009074374, 0.001867222, 0.00165046, 0.001635299, 0.00169895]",0.16,lium4090,3c7c7e0,
mason,22.0,default,1,,game_of_life,grid,128,128,128,,,,"{""density"": ""0.3"", ""grid_height"": ""128"", ""grid_width"": ""128""}",100,10,5,5,42,ok,yes,0.006075776,0.006256577,0.006914221,0.006390393999999999,0.0002940049840448288,15983.180579412672,261868430.61309722,16384,1553480,"[0.006256577, 0.006490659, 0.006214737, 0.006914221, 0.006075776]",0.199,lium4090,3c7c7e0,
mason,22.0,default,1,,game_of_life,grid,256,256,256,,,,"{""density"": ""0.3"", ""grid_height"": ""256"", ""grid_width"": ""256""}",100,10,5,5,42,ok,yes,0.025229991,0.025624523,0.025801094,0.025584469199999998,0.00018935682510794262,3902.5116682171997,255755004.6882824,65536,1951984,"[0.025620874, 0.025624523, 0.025645864, 0.025801094, 0.025229991]",0.337,lium4090,3c7c7e0,
mason,22.0,default,1,,game_of_life,grid,512,512,512,,,,"{""density"": ""0.3"", ""grid_height"": ""512"", ""grid_width"": ""512""}",100,10,5,5,42,ok,yes,0.098136668,0.099039313,0.099347545,0.0987819276,0.00046461903789216363,1009.7000571884015,264686811.79159632,262144,3535088,"[0.099039313, 0.098331789, 0.099347545, 0.098136668, 0.099054323]",0.861,lium4090,3c7c7e0,
mason,22.0,default,1,,game_of_life,grid,1024,1024,1024,,,,"{""density"": ""0.3"", ""grid_height"": ""1024"", ""grid_width"": ""1024""}",100,10,5,5,42,ok,yes,0.352231894,0.38170245,0.387500078,0.376937374,0.012574391754208974,261.9841711783616,274710314.27752167,1048576,9847024,"[0.382618344, 0.38170245, 0.380634104, 0.352231894, 0.387500078]",2.867,lium4090,3c7c7e0,
mason,22.0,default,1,,game_of_life,grid,2048,2048,2048,,,,"{""density"": ""0.3"", ""grid_height"": ""2048"", ""grid_width"": ""2048""}",100,10,5,5,42,ok,yes,1.553811915,1.58353072,1.687406433,1.6094501722,0.05273048191544343,63.150022122715754,264870390.38939518,4194304,35119776,"[1.566243002, 1.58353072, 1.687406433, 1.656258791, 1.553811915]",11.614,lium4090,3c7c7e0,
mason,22.0,default,1,,game_of_life,grid,4096,4096,4096,,,,"{""density"": ""0.3"", ""grid_height"": ""4096"", ""grid_width"": ""4096""}",100,10,5,5,42,ok,yes,6.322434308,6.422378943,6.519064777,6.4086998158,0.06737907353376205,15.57055428954311,261230552.5553913,16777216,135815496,"[6.42280148, 6.422378943, 6.356819571, 6.519064777, 6.322434308]",45.958,lium4090,3c7c7e0,
mason,22.0,default,1,,sir,grid,64,64,64,,,,"{""grid_height"": ""64"", ""grid_width"": ""64"", ""infection_rate"": ""0.3"", ""initial_infected_pct"": ""0.01"", ""recovery_rate"": ""0.05""}",100,10,5,5,42,ok,yes,0.001308388,0.001358348,0.002607207,0.0016180323999999999,0.0004980695173545958,73618.83699906062,301542756.3481523,4096,1453520,"[0.002607207, 0.00148039, 0.001335829, 0.001308388, 0.001358348]",0.167,lium4090,3c7c7e0,
mason,22.0,default,1,,sir,grid,128,128,128,,,,"{""grid_height"": ""128"", ""grid_width"": ""128"", ""infection_rate"": ""0.3"", ""initial_infected_pct"": ""0.01"", ""recovery_rate"": ""0.05""}",100,10,5,5,42,ok,yes,0.005801287,0.006192249,0.006648201,0.006192827,0.00028138059873772413,16149.221389514536,264588843.24580616,16384,1554392,"[0.006192249, 0.00629005, 0.005801287, 0.006648201, 0.006032348]",0.221,lium4090,3c7c7e0,
mason,22.0,default,1,,sir,grid,256,256,256,,,,"{""grid_height"": ""256"", ""grid_width"": ""256"", ""infection_rate"": ""0.3"", ""initial_infected_pct"": ""0.01"", ""recovery_rate"": ""0.05""}",100,10,5,5,42,ok,yes,0.022650933,0.022761663,0.023208946,0.0228493398,0.00020356666062928884,4393.352102612186,287922723.39679223,65536,1952896,"[0.022761663, 0.022931164, 0.023208946, 0.022693993, 0.022650933]",0.355,lium4090,3c7c7e0,
mason,22.0,default,1,,sir,grid,512,512,512,,,,"{""grid_height"": ""512"", ""grid_width"": ""512"", ""infection_rate"": ""0.3"", ""initial_infected_pct"": ""0.01"", ""recovery_rate"": ""0.05""}",100,10,5,5,42,ok,yes,0.091063783,0.091457595,0.092093729,0.09148757519999999,0.0003367044155162811,1093.4029043733328,286629010.96404296,262144,3536000,"[0.092093729, 0.091471875, 0.091350894, 0.091063783, 0.091457595]",0.946,lium4090,3c7c7e0,
mason,22.0,default,1,,sir,grid,1024,1024,1024,,,,"{""grid_height"": ""1024"", ""grid_width"": ""1024"", ""infection_rate"": ""0.3"", ""initial_infected_pct"": ""0.01"", ""recovery_rate"": ""0.05""}",100,10,5,5,42,ok,yes,0.350010985,0.35274716,0.355078575,0.3523793582,0.001918946122164911,283.4891711105484,297259941.0864144,1048576,9847936,"[0.353632764, 0.355078575, 0.35274716, 0.350010985, 0.350427307]",3.131,lium4090,3c7c7e0,
mason,22.0,default,1,,sir,grid,2048,2048,2048,,,,"{""grid_height"": ""2048"", ""grid_width"": ""2048"", ""infection_rate"": ""0.3"", ""initial_infected_pct"": ""0.01"", ""recovery_rate"": ""0.05""}",100,10,5,5,42,ok,yes,1.428982861,1.524454873,1.547910376,1.496309619,0.04668757140822672,65.59721889517684,275134677.6009158,4194304,35111568,"[1.547910376, 1.524454873, 1.428982861, 1.452457982, 1.527742003]",12.252,lium4090,3c7c7e0,
mason,22.0,default,1,,sir,grid,4096,4096,4096,,,,"{""grid_height"": ""4096"", ""grid_width"": ""4096"", ""infection_rate"": ""0.3"", ""initial_infected_pct"": ""0.01"", ""recovery_rate"": ""0.05""}",100,10,5,5,42,ok,yes,5.95041266,6.125231965,6.259676525,6.0972145724,0.11391626166516504,16.32591231995897,273903357.38901275,16777216,135816408,"[6.162556853, 6.259676525, 6.125231965, 5.95041266, 5.988194859]",49.33,lium4090,3c7c7e0,
mason,22.0,default,1,,boids,agents,1000,,,1000,141.421,141.421,"{""alignment"": ""0.05"", ""cohesion"": ""0.0005"", ""max_speed"": ""15"", ""min_speed"": ""3"", ""num_agents"": ""1000"", ""protected_range"": ""8"", ""separation"": ""0.05"", ""visual_range"": ""50"", ""world_height"": ""141.421"", ""world_width"": ""141.421""}",100,10,5,5,42,ok,yes,0.725386801,0.729402979,0.785182439,0.7398911332,0.022852715810966952,137.0984255330276,137098.42553302762,1000,1759176,"[0.725386801, 0.729402979, 0.785182439, 0.733836394, 0.725647053]",5.162,lium4090,3c7c7e0,
mason,22.0,default,1,,boids,agents,3000,,,3000,244.949,244.949,"{""alignment"": ""0.05"", ""cohesion"": ""0.0005"", ""max_speed"": ""15"", ""min_speed"": ""3"", ""num_agents"": ""3000"", ""protected_range"": ""8"", ""separation"": ""0.05"", ""visual_range"": ""50"", ""world_height"": ""244.949"", ""world_width"": ""244.949""}",100,10,5,5,42,ok,yes,1.895569546,1.910972283,2.062410537,1.959861393,0.07114315764350464,52.32938273861924,156988.1482158577,3000,2411504,"[1.895569546, 1.910972283, 1.901105804, 2.062410537, 2.029248795]",13.335,lium4090,3c7c7e0,
mason,22.0,default,1,,boids,agents,10000,,,10000,447.214,447.214,"{""alignment"": ""0.05"", ""cohesion"": ""0.0005"", ""max_speed"": ""15"", ""min_speed"": ""3"", ""num_agents"": ""10000"", ""protected_range"": ""8"", ""separation"": ""0.05"", ""visual_range"": ""50"", ""world_height"": ""447.214"", ""world_width"": ""447.214""}",100,10,5,5,42,ok,yes,7.208885102,7.389066489,7.631740101,7.405367706,0.1623868424143157,13.533509293612203,135335.09293612203,10000,4774840,"[7.254282907, 7.542863931, 7.208885102, 7.389066489, 7.631740101]",49.152,lium4090,3c7c7e0,
mason,22.0,default,1,,boids,agents,30000,,,30000,774.597,774.597,"{""alignment"": ""0.05"", ""cohesion"": ""0.0005"", ""max_speed"": ""15"", ""min_speed"": ""3"", ""num_agents"": ""30000"", ""protected_range"": ""8"", ""separation"": ""0.05"", ""visual_range"": ""50"", ""world_height"": ""774.597"", ""world_width"": ""774.597""}",100,10,5,5,42,ok,yes,23.916252212,23.970988854,24.366822238,24.0429297862,0.16635666084277506,4.171709419626765,125151.28258880295,30000,11336832,"[24.027180373, 23.933405254, 23.916252212, 24.366822238, 23.970988854]",158.67,lium4090,3c7c7e0,
mason,22.0,default,1,,boids,agents,100000,,,100000,1414.21,1414.21,"{""alignment"": ""0.05"", ""cohesion"": ""0.0005"", ""max_speed"": ""15"", ""min_speed"": ""3"", ""num_agents"": ""100000"", ""protected_range"": ""8"", ""separation"": ""0.05"", ""visual_range"": ""50"", ""world_height"": ""1414.21"", ""world_width"": ""1414.21""}",100,10,5,5,42,ok,yes,109.609071161,117.587939646,125.483290071,117.6445665902,5.054167564035626,0.85042735080699,85042.735080699,100000,35153952,"[125.483290071, 109.609071161, 118.685859967, 116.856672106, 117.587939646]",791.793,lium4090,3c7c7e0,
mason,MASON 22,default,1,,boids,agents,300000,,,300000,2449.49,2449.49,"{""alignment"": ""0.05"", ""cohesion"": ""0.0005"", ""max_speed"": ""15"", ""min_speed"": ""3"", ""num_agents"": ""300000"", ""protected_range"": ""8"", ""separation"": ""0.05"", ""visual_range"": ""50"", ""world_height"": ""2449.49"", ""world_width"": ""2449.49""}",100,10,5,0,42,timeout,yes,,,,,,,,0,,[],1000.216,lium4090,3c7c7e0,0 of 5 reps in 1000s
mason,MASON 22,default,1,,boids,agents,1000000,,,1000000,4472.14,4472.14,"{""alignment"": ""0.05"", ""cohesion"": ""0.0005"", ""max_speed"": ""15"", ""min_speed"": ""3"", ""num_agents"": ""1000000"", ""protected_range"": ""8"", ""separation"": ""0.05"", ""visual_range"": ""50"", ""world_height"": ""4472.14"", ""world_width"": ""4472.14""}",100,10,5,,42,skipped,yes,,,,,,,,,,,,lium4090,3c7c7e0,a smaller point did not finish
mason,22.0,default,1,,ants,agents,2000,,,2000,200,200,"{""evaporation"": ""0.999"", ""momentum"": ""0.8"", ""num_agents"": ""2000"", ""random_action"": ""0.1"", ""reward"": ""1"", ""update_cutdown"": ""0.9"", ""world_height"": ""200"", ""world_width"": ""200""}",200,20,5,5,42,ok,yes,0.090689606,0.090842698,0.09119829,0.090928332,0.00018234770616051013,2201.6078826720886,4403215.765344177,2000,3153704,"[0.09119829, 0.090689606, 0.090842698, 0.090838117, 0.091072949]",0.792,lium4090,3c7c7e0,
mason,22.0,default,1,,ants,agents,6000,,,6000,346.41,346.41,"{""evaporation"": ""0.999"", ""momentum"": ""0.8"", ""num_agents"": ""6000"", ""random_action"": ""0.1"", ""reward"": ""1"", ""update_cutdown"": ""0.9"", ""world_height"": ""346.41"", ""world_width"": ""346.41""}",200,20,5,5,42,ok,yes,0.279602241,0.299865189,0.301351192,0.2960194156,0.008234719605702984,666.9663813494537,4001798.288096722,6000,6607808,"[0.301351192, 0.299865189, 0.299409536, 0.29986892, 0.279602241]",2.171,lium4090,3c7c7e0,
mason,22.0,default,1,,ants,agents,20000,,,20000,632.456,632.456,"{""evaporation"": ""0.999"", ""momentum"": ""0.8"", ""num_agents"": ""20000"", ""random_action"": ""0.1"", ""reward"": ""1"", ""update_cutdown"": ""0.9"", ""world_height"": ""632.456"", ""world_width"": ""632.456""}",200,20,5,5,42,ok,yes,0.961852809,1.058655878,1.087072905,1.0349202114,0.045393397801613854,188.91880180917488,3778376.0361834974,20000,18736816,"[0.961852809, 1.004555516, 1.062463949, 1.058655878, 1.087072905]",7.132,lium4090,3c7c7e0,
mason,22.0,default,1,,ants,agents,60000,,,60000,1095.45,1095.45,"{""evaporation"": ""0.999"", ""momentum"": ""0.8"", ""num_agents"": ""60000"", ""random_action"": ""0.1"", ""reward"": ""1"", ""update_cutdown"": ""0.9"", ""world_height"": ""1095.45"", ""world_width"": ""1095.45""}",200,20,5,5,42,ok,yes,3.70079762,3.868725662,4.029455392,3.8788547996,0.12013937115646328,51.69660954884218,3101796.572930531,60000,53101176,"[3.70079762, 3.805524098, 4.029455392, 3.989771226, 3.868725662]",25.863,lium4090,3c7c7e0,
mason,22.0,default,1,,ants,agents,200000,,,200000,2000,2000,"{""evaporation"": ""0.999"", ""momentum"": ""0.8"", ""num_agents"": ""200000"", ""random_action"": ""0.1"", ""reward"": ""1"", ""update_cutdown"": ""0.9"", ""world_height"": ""2000"", ""world_width"": ""2000""}",200,20,5,5,42,ok,yes,16.643249132,17.00241164,17.150858133,16.9293064596,0.1862997666811285,11.76303716406198,2352607.4328123964,200000,173730256,"[17.00241164, 17.150858133, 16.788546568, 17.061466825, 16.643249132]",112.031,lium4090,3c7c7e0,
agents_jl,7.0.3,default,1,,game_of_life,grid,64,64,64,,,,"{""density"": ""0.3"", ""grid_height"": ""64"", ""grid_width"": ""64""}",100,10,5,5,42,ok,yes,0.009974264,0.009994244,0.010133335,0.010019346,5.7999780485791724e-05,10005.75931506175,40983590.15449293,4096,,"[0.010133335, 0.009987333, 0.009994244, 0.010007554, 0.009974264]",7.347,lium4090,3c7c7e0,
agents_jl,7.0.3,default,1,,game_of_life,grid,128,128,128,,,,"{""density"": ""0.3"", ""grid_height"": ""128"", ""grid_width"": ""128""}",100,10,5,5,42,ok,yes,0.039494701,0.039729483,0.040190717,0.0397518992,0.00023791314238973872,2517.022433944081,41238895.557739824,16384,,"[0.039597712, 0.039746883, 0.040190717, 0.039729483, 0.039494701]",7.546,lium4090,3c7c7e0,
agents_jl,7.0.3,default,1,,game_of_life,grid,256,256,256,,,,"{""density"": ""0.3"", ""grid_height"": ""256"", ""grid_width"": ""256""}",100,10,5,5,42,ok,yes,0.171033264,0.171660959,0.172006822,0.1715611602,0.0003418354751036842,582.5436405723447,38177580.02854918,65536,,"[0.171033264, 0.172006822, 0.17177244, 0.171660959, 0.171332316]",8.424,lium4090,3c7c7e0,
agents_jl,7.0.3,default,1,,game_of_life,grid,512,512,512,,,,"{""density"": ""0.3"", ""grid_height"": ""512"", ""grid_width"": ""512""}",100,10,5,5,42,ok,yes,0.684239088,0.740651292,0.785588198,0.7398551086,0.03528525932330487,135.01630400180278,35393713.99624859,262144,,"[0.76674431, 0.722052655, 0.785588198, 0.740651292, 0.684239088]",12.559,lium4090,3c7c7e0,
agents_jl,7.0.3,default,1,,game_of_life,grid,1024,1024,1024,,,,"{""density"": ""0.3"", ""grid_height"": ""1024"", ""grid_width"": ""1024""}",100,10,5,5,42,ok,yes,3.102121815,3.215414416,3.502970891,3.2377275664000003,0.13931746462426012,31.100190228169954,32610913.068693537,1048576,,"[3.215414416, 3.502970891, 3.216055167, 3.152075543, 3.102121815]",30.655,lium4090,3c7c7e0,
agents_jl,7.0.3,default,1,,game_of_life,grid,2048,2048,2048,,,,"{""density"": ""0.3"", ""grid_height"": ""2048"", ""grid_width"": ""2048""}",100,10,5,5,42,ok,yes,12.222309975,12.406185377,12.741140548,12.446337334,0.17114393630868777,8.060495386873018,33808168.04314305,4194304,,"[12.406185377, 12.491328581, 12.741140548, 12.370722189, 12.222309975]",97.799,lium4090,3c7c7e0,
agents_jl,7.0.3,default,1,,game_of_life,grid,4096,4096,4096,,,,"{""density"": ""0.3"", ""grid_height"": ""4096"", ""grid_width"": ""4096""}",100,10,5,5,42,ok,yes,49.222546292,49.471336665,49.754354828,49.473713764399996,0.17995776814978875,2.021372510655206,33913003.22772469,16777216,,"[49.222546292, 49.471336665, 49.754354828, 49.559429624, 49.360901413]",367.591,lium4090,3c7c7e0,
agents_jl,7.0.3,default,1,,sir,grid,64,64,64,,,,"{""grid_height"": ""64"", ""grid_width"": ""64"", ""infection_rate"": ""0.3"", ""initial_infected_pct"": ""0.01"", ""recovery_rate"": ""0.05""}",100,10,5,5,42,ok,yes,0.001085229,0.001100569,0.001128349,0.001106259,1.6611644108877373e-05,90862.09042776964,372171122.39214444,4096,,"[0.001100569, 0.001128349, 0.001094319, 0.001085229, 0.001122829]",7.397,lium4090,3c7c7e0,
agents_jl,7.0.3,default,1,,sir,grid,128,128,128,,,,"{""grid_height"": ""128"", ""grid_width"": ""128"", ""infection_rate"": ""0.3"", ""initial_infected_pct"": ""0.01"", ""recovery_rate"": ""0.05""}",100,10,5,5,42,ok,yes,0.005020143,0.005097594,0.005127933,0.0050805614,4.542207209980622e-05,19617.09779162483,321406530.2179812,16384,,"[0.005033163, 0.005127933, 0.005097594, 0.005020143, 0.005123974]",7.182,lium4090,3c7c7e0,
agents_jl,7.0.3,default,1,,sir,grid,256,256,256,,,,"{""grid_height"": ""256"", ""grid_width"": ""256"", ""infection_rate"": ""0.3"", ""initial_infected_pct"": ""0.01"", ""recovery_rate"": ""0.05""}",100,10,5,5,42,ok,yes,0.022664311,0.022727482,0.022911184,0.0227813028,0.00010678955089970171,4399.959485173061,288355744.8203017,65536,,"[0.022695163, 0.022911184, 0.022908374, 0.022664311, 0.022727482]",7.698,lium4090,3c7c7e0,
agents_jl,7.0.3,default,1,,sir,grid,512,512,512,,,,"{""grid_height"": ""512"", ""grid_width"": ""512"", ""infection_rate"": ""0.3"", ""initial_infected_pct"": ""0.01"", ""recovery_rate"": ""0.05""}",100,10,5,5,42,ok,yes,0.10866613,0.135747468,0.217709892,0.14724945,0.03699575676843909,736.6619906310149,193111520.87197676,262144,,"[0.142072612, 0.135747468, 0.217709892, 0.132051148, 0.10866613]",9.122,lium4090,3c7c7e0,
agents_jl,7.0.3,default,1,,sir,grid,1024,1024,1024,,,,"{""grid_height"": ""1024"", ""grid_width"": ""1024"", ""infection_rate"": ""0.3"", ""initial_infected_pct"": ""0.01"", ""recovery_rate"": ""0.05""}",100,10,5,5,42,ok,yes,0.976982768,0.97962324,1.00791422,0.9854723978,0.011398295367805317,102.08006090178097,107038701.94014588,1048576,,"[0.97956963, 0.97962324, 0.983272131, 0.976982768, 1.00791422]",16.604,lium4090,3c7c7e0,
agents_jl,7.0.3,default,1,,sir,grid,2048,2048,2048,,,,"{""grid_height"": ""2048"", ""grid_width"": ""2048"", ""infection_rate"": ""0.3"", ""initial_infected_pct"": ""0.01"", ""recovery_rate"": ""0.05""}",100,10,5,5,42,ok,yes,3.860281864,3.889468482,3.985467319,3.911181754,0.04752239920121831,25.710453873784598,107837459.52463023,4194304,,"[3.860281864, 3.889468482, 3.873536019, 3.985467319, 3.947155086]",45.761,lium4090,3c7c7e0,
agents_jl,7.0.3,default,1,,sir,grid,4096,4096,4096,,,,"{""grid_height"": ""4096"", ""grid_width"": ""4096"", ""infection_rate"": ""0.3"", ""initial_infected_pct"": ""0.01"", ""recovery_rate"": ""0.05""}",100,10,5,5,42,ok,yes,15.556828745,15.777506909,15.959432226,15.774583951599999,0.15692548166597955,6.3381369804982794,106336293.15940742,16777216,,"[15.646251558, 15.556828745, 15.777506909, 15.93290032, 15.959432226]",161.204,lium4090,3c7c7e0,
agents_jl,7.0.3,default,1,,boids,agents,1000,,,1000,141.421,141.421,"{""alignment"": ""0.05"", ""cohesion"": ""0.0005"", ""max_speed"": ""15"", ""min_speed"": ""3"", ""num_agents"": ""1000"", ""protected_range"": ""8"", ""separation"": ""0.05"", ""visual_range"": ""50"", ""world_height"": ""141.421"", ""world_width"": ""141.421""}",100,10,5,5,42,ok,yes,1.323322908,1.334050489,1.358477065,1.3382657104,0.012374723189653323,74.95968167963395,74959.68167963394,1000,,"[1.358477065, 1.323322908, 1.330137735, 1.334050489, 1.345340355]",16.804,lium4090,3c7c7e0,
agents_jl,7.0.3,default,1,,boids,agents,3000,,,3000,244.949,244.949,"{""alignment"": ""0.05"", ""cohesion"": ""0.0005"", ""max_speed"": ""15"", ""min_speed"": ""3"", ""num_agents"": ""3000"", ""protected_range"": ""8"", ""separation"": ""0.05"", ""visual_range"": ""50"", ""world_height"": ""244.949"", ""world_width"": ""244.949""}",100,10,5,5,42,ok,yes,4.188435359,4.21882131,4.353466189,4.257382297,0.0638477588008141,23.703303044138647,71109.90913241594,3000,,"[4.188435359, 4.213877025, 4.353466189, 4.312311602, 4.21882131]",36.14,lium4090,3c7c7e0,
agents_jl,7.0.3,default,1,,boids,agents,10000,,,10000,447.214,447.214,"{""alignment"": ""0.05"", ""cohesion"": ""0.0005"", ""max_speed"": ""15"", ""min_speed"": ""3"", ""num_agents"": ""10000"", ""protected_range"": ""8"", ""separation"": ""0.05"", ""visual_range"": ""50"", ""world_height"": ""447.214"", ""world_width"": ""447.214""}",100,10,5,5,42,ok,yes,16.761256296,16.801901903,17.534945757,16.972925758,0.29376937341951337,5.951707168469117,59517.07168469117,10000,,"[16.77033856, 16.761256296, 16.801901903, 16.996186274, 17.534945757]",120.326,lium4090,3c7c7e0,
agents_jl,7.0.3,default,1,,boids,agents,30000,,,30000,774.597,774.597,"{""alignment"": ""0.05"", ""cohesion"": ""0.0005"", ""max_speed"": ""15"", ""min_speed"": ""3"", ""num_agents"": ""30000"", ""protected_range"": ""8"", ""separation"": ""0.05"", ""visual_range"": ""50"", ""world_height"": ""774.597"", ""world_width"": ""774.597""}",100,10,5,5,42,ok,yes,56.71094077,57.138577569,57.811394206,57.187092649600004,0.36462611445169746,1.7501310717656728,52503.932152970185,30000,,"[57.138577569, 56.994148255, 56.71094077, 57.811394206, 57.280402448]",387.543,lium4090,3c7c7e0,
agents_jl,7.0.3,default,1,,boids,agents,100000,,,100000,1414.21,1414.21,"{""alignment"": ""0.05"", ""cohesion"": ""0.0005"", ""max_speed"": ""15"", ""min_speed"": ""3"", ""num_agents"": ""100000"", ""protected_range"": ""8"", ""separation"": ""0.05"", ""visual_range"": ""50"", ""world_height"": ""1414.21"", ""world_width"": ""1414.21""}",100,10,5,2,42,over_budget,yes,282.969429828,290.0204105715,297.071391315,290.0204105715,7.05098074350002,0.344803318507635,34480.331850763505,100000,,"[282.969429828, 297.071391315]",1000.094,lium4090,3c7c7e0,2 of 5 reps in 1000s
agents_jl,,default,1,,boids,agents,300000,,,300000,2449.49,2449.49,"{""alignment"": ""0.05"", ""cohesion"": ""0.0005"", ""max_speed"": ""15"", ""min_speed"": ""3"", ""num_agents"": ""300000"", ""protected_range"": ""8"", ""separation"": ""0.05"", ""visual_range"": ""50"", ""world_height"": ""2449.49"", ""world_width"": ""2449.49""}",100,10,5,,42,skipped,yes,,,,,,,,,,,,lium4090,3c7c7e0,a smaller point did not finish
agents_jl,,default,1,,boids,agents,1000000,,,1000000,4472.14,4472.14,"{""alignment"": ""0.05"", ""cohesion"": ""0.0005"", ""max_speed"": ""15"", ""min_speed"": ""3"", ""num_agents"": ""1000000"", ""protected_range"": ""8"", ""separation"": ""0.05"", ""visual_range"": ""50"", ""world_height"": ""4472.14"", ""world_width"": ""4472.14""}",100,10,5,,42,skipped,yes,,,,,,,,,,,,lium4090,3c7c7e0,a smaller point did not finish
agents_jl,7.0.3,default,1,,ants,agents,2000,,,2000,200,200,"{""evaporation"": ""0.999"", ""momentum"": ""0.8"", ""num_agents"": ""2000"", ""random_action"": ""0.1"", ""reward"": ""1"", ""update_cutdown"": ""0.9"", ""world_height"": ""200"", ""world_width"": ""200""}",200,20,5,5,42,ok,yes,0.047470489,0.049405979,0.055358842,0.0505068868,0.0029549766449253295,4048.093045580576,8096186.091161152,2000,,"[0.047978054, 0.047470489, 0.049405979, 0.055358842, 0.05232107]",7.152,lium4090,3c7c7e0,
agents_jl,7.0.3,default,1,,ants,agents,6000,,,6000,346.41,346.41,"{""evaporation"": ""0.999"", ""momentum"": ""0.8"", ""num_agents"": ""6000"", ""random_action"": ""0.1"", ""reward"": ""1"", ""update_cutdown"": ""0.9"", ""world_height"": ""346.41"", ""world_width"": ""346.41""}",200,20,5,5,42,ok,yes,0.149102704,0.149685369,0.150530919,0.1496953038,0.0004927316215228776,1336.135931895922,8016815.5913755335,6000,,"[0.150530919, 0.149102704, 0.149840711, 0.149316816, 0.149685369]",7.9,lium4090,3c7c7e0,
agents_jl,7.0.3,default,1,,ants,agents,20000,,,20000,632.456,632.456,"{""evaporation"": ""0.999"", ""momentum"": ""0.8"", ""num_agents"": ""20000"", ""random_action"": ""0.1"", ""reward"": ""1"", ""update_cutdown"": ""0.9"", ""world_height"": ""632.456"", ""world_width"": ""632.456""}",200,20,5,5,42,ok,yes,0.553617093,0.555137388,0.587854354,0.5670242919999999,0.01562622747329638,360.2711766911293,7205423.533822586,20000,,"[0.587854354, 0.55415684, 0.553617093, 0.584355785, 0.555137388]",11.577,lium4090,3c7c7e0,
agents_jl,7.0.3,default,1,,ants,agents,60000,,,60000,1095.45,1095.45,"{""evaporation"": ""0.999"", ""momentum"": ""0.8"", ""num_agents"": ""60000"", ""random_action"": ""0.1"", ""reward"": ""1"", ""update_cutdown"": ""0.9"", ""world_height"": ""1095.45"", ""world_width"": ""1095.45""}",200,20,5,5,42,ok,yes,2.277332295,2.317250756,2.600281747,2.3661632456,0.11810370614199199,86.30917456047644,5178550.473628586,60000,,"[2.319300232, 2.316651198, 2.277332295, 2.317250756, 2.600281747]",24.511,lium4090,3c7c7e0,
agents_jl,7.0.3,default,1,,ants,agents,200000,,,200000,2000,2000,"{""evaporation"": ""0.999"", ""momentum"": ""0.8"", ""num_agents"": ""200000"", ""random_action"": ""0.1"", ""reward"": ""1"", ""update_cutdown"": ""0.9"", ""world_height"": ""2000"", ""world_width"": ""2000""}",200,20,5,5,42,ok,yes,8.127840173,8.247526911,8.452915773,8.2949477436,0.11975435684330027,24.249693533373428,4849938.706674686,200000,,"[8.236687714, 8.127840173, 8.247526911, 8.452915773, 8.409768147]",85.475,lium4090,3c7c7e0,
krabmaga,krABMaga 0.6.2,default,1,,game_of_life,grid,64,64,64,,,,"{""density"": ""0.3"", ""grid_height"": ""64"", ""grid_width"": ""64""}",100,10,5,5,42,ok,yes,0.010118823,0.010277965,0.010443157,0.0102898692,0.00011426163210877005,9729.55249409781,39852247.01582463,4096,,"[0.010381976, 0.010118823, 0.010443157, 0.010227425, 0.010277965]",0.059,lium4090,3c7c7e0,
krabmaga,krABMaga 0.6.2,default,1,,game_of_life,grid,128,128,128,,,,"{""density"": ""0.3"", ""grid_height"": ""128"", ""grid_width"": ""128""}",100,10,5,5,42,ok,yes,0.039516704,0.039942859,0.04398838,0.040726694800000005,0.0016565942131582378,2503.576421507534,41018596.08997944,16384,,"[0.04398838, 0.039942859, 0.040409564, 0.039775967, 0.039516704]",0.229,lium4090,3c7c7e0,
krabmaga,krABMaga 0.6.2,default,1,,game_of_life,grid,256,256,256,,,,"{""density"": ""0.3"", ""grid_height"": ""256"", ""grid_width"": ""256""}",100,10,5,5,42,ok,yes,0.166328992,0.167114201,0.168290213,0.167274732,0.0006961299542717558,598.3931910131324,39216296.16623665,65536,,"[0.167114201, 0.168290213, 0.166836667, 0.166328992, 0.167803587]",0.93,lium4090,3c7c7e0,
krabmaga,krABMaga 0.6.2,default,1,,game_of_life,grid,512,512,512,,,,"{""density"": ""0.3"", ""grid_height"": ""512"", ""grid_width"": ""512""}",100,10,5,5,42,ok,yes,0.589736822,0.615622468,0.671583331,0.6238557162,0.032387062802274554,162.4372163103053,42581941.63244867,262144,,"[0.650496727, 0.671583331, 0.615622468, 0.589736822, 0.591839233]",3.468,lium4090,3c7c7e0,
krabmaga,krABMaga 0.6.2,default,1,,game_of_life,grid,1024,1024,1024,,,,"{""density"": ""0.3"", ""grid_height"": ""1024"", ""grid_width"": ""1024""}",100,10,5,5,42,ok,yes,2.356746463,2.422152802,2.467010482,2.4112462224,0.0458125638056579,41.285586903282415,43291075.57269626,1048576,,"[2.359220191, 2.467010482, 2.422152802, 2.356746463, 2.451101174]",13.389,lium4090,3c7c7e0,
krabmaga,krABMaga 0.6.2,default,1,,game_of_life,grid,2048,2048,2048,,,,"{""density"": ""0.3"", ""grid_height"": ""2048"", ""grid_width"": ""2048""}",100,10,5,5,42,ok,yes,9.488069497,9.638763763,10.128020783,9.7340568084,0.22252318585363876,10.374774448136872,43514957.966918275,4194304,,"[9.81114837, 9.638763763, 10.128020783, 9.604281629, 9.488069497]",54.103,lium4090,3c7c7e0,
krabmaga,krABMaga 0.6.2,default,1,,game_of_life,grid,4096,4096,4096,,,,"{""density"": ""0.3"", ""grid_height"": ""4096"", ""grid_width"": ""4096""}",100,10,5,5,42,ok,yes,38.514980508,39.179795719,39.393600651,39.0191875466,0.35088886761688004,2.5523359212285435,42821091.05501026,16777216,,"[39.393600651, 38.514980508, 39.315978548, 38.691582307, 39.179795719]",216.817,lium4090,3c7c7e0,
krabmaga,krABMaga 0.6.2,default,1,,sir,grid,64,64,64,,,,"{""grid_height"": ""64"", ""grid_width"": ""64"", ""infection_rate"": ""0.3"", ""initial_infected_pct"": ""0.01"", ""recovery_rate"": ""0.05""}",100,10,5,5,42,ok,yes,0.001757767,0.001825898,0.001852578,0.0018216997999999998,3.455891243890644e-05,54767.57190160677,224327974.50898132,4096,,"[0.001852578, 0.001825898, 0.001820368, 0.001757767, 0.001851888]",0.015,lium4090,3c7c7e0,
krabmaga,krABMaga 0.6.2,default,1,,sir,grid,128,128,128,,,,"{""grid_height"": ""128"", ""grid_width"": ""128"", ""infection_rate"": ""0.3"", ""initial_infected_pct"": ""0.01"", ""recovery_rate"": ""0.05""}",100,10,5,5,42,ok,yes,0.007690966,0.007730816,0.008368022,0.0078917398,0.0002578829820879228,12935.245128069275,211931056.178287,16384,,"[0.007706186, 0.007690966, 0.007730816, 0.007962709, 0.008368022]",0.058,lium4090,3c7c7e0,
krabmaga,krABMaga 0.6.2,default,1,,sir,grid,256,256,256,,,,"{""grid_height"": ""256"", ""grid_width"": ""256"", ""infection_rate"": ""0.3"", ""initial_infected_pct"": ""0.01"", ""recovery_rate"": ""0.05""}",100,10,5,5,42,ok,yes,0.033098095,0.033309228,0.034063794,0.0334495646,0.0003643277250842165,3002.1710500165295,196750281.93388328,65536,,"[0.034063794, 0.033309228, 0.033127895, 0.033648811, 0.033098095]",0.238,lium4090,3c7c7e0,
krabmaga,krABMaga 0.6.2,default,1,,sir,grid,512,512,512,,,,"{""grid_height"": ""512"", ""grid_width"": ""512"", ""infection_rate"": ""0.3"", ""initial_infected_pct"": ""0.01"", ""recovery_rate"": ""0.05""}",100,10,5,5,42,ok,yes,0.120924809,0.121429614,0.13224826,0.12368951219999999,0.004318103186974413,823.5223410987702,215881440.584996,262144,,"[0.13224826, 0.122623186, 0.121221692, 0.121429614, 0.120924809]",0.877,lium4090,3c7c7e0,
krabmaga,krABMaga 0.6.2,default,1,,sir,grid,1024,1024,1024,,,,"{""grid_height"": ""1024"", ""grid_width"": ""1024"", ""infection_rate"": ""0.3"", ""initial_infected_pct"": ""0.01"", ""recovery_rate"": ""0.05""}",100,10,5,5,42,ok,yes,0.490947584,0.520268893,0.540990688,0.5174392552,0.021302389239230023,192.2083010256006,201545011.45622018,1048576,,"[0.540990688, 0.539905126, 0.520268893, 0.490947584, 0.495083985]",3.645,lium4090,3c7c7e0,
krabmaga,krABMaga 0.6.2,default,1,,sir,grid,2048,2048,2048,,,,"{""grid_height"": ""2048"", ""grid_width"": ""2048"", ""infection_rate"": ""0.3"", ""initial_infected_pct"": ""0.01"", ""recovery_rate"": ""0.05""}",100,10,5,5,42,ok,yes,2.022039997,2.039372401,2.138418798,2.0548223846,0.042281097316143886,49.034693198243396,205666409.82016507,4194304,,"[2.138418798, 2.03952793, 2.034752797, 2.022039997, 2.039372401]",14.418,lium4090,3c7c7e0,
krabmaga,krABMaga 0.6.2,default,1,,sir,grid,4096,4096,4096,,,,"{""grid_height"": ""4096"", ""grid_width"": ""4096"", ""infection_rate"": ""0.3"", ""initial_infected_pct"": ""0.01"", ""recovery_rate"": ""0.05""}",100,10,5,5,42,ok,yes,8.086303175,8.235059706,8.453221424,8.249338342,0.15037798235362382,12.143202790277378,203729136.14428627,16777216,,"[8.453221424, 8.086303175, 8.384986688, 8.087120717, 8.235059706]",57.767,lium4090,3c7c7e0,
krabmaga,krABMaga 0.6.2,default,1,,boids,agents,1000,,,1000,141.421,141.421,"{""alignment"": ""0.05"", ""cohesion"": ""0.0005"", ""max_speed"": ""15"", ""min_speed"": ""3"", ""num_agents"": ""1000"", ""protected_range"": ""8"", ""separation"": ""0.05"", ""visual_range"": ""50"", ""world_height"": ""141.421"", ""world_width"": ""141.421""}",100,10,5,5,42,ok,yes,0.689031923,0.72268814,0.772921129,0.7293085004,0.03450933531205857,138.37227216707888,138372.27216707886,1000,,"[0.689031923, 0.696447144, 0.72268814, 0.772921129, 0.765454166]",4.021,lium4090,3c7c7e0,
krabmaga,krABMaga 0.6.2,default,1,,boids,agents,3000,,,3000,244.949,244.949,"{""alignment"": ""0.05"", ""cohesion"": ""0.0005"", ""max_speed"": ""15"", ""min_speed"": ""3"", ""num_agents"": ""3000"", ""protected_range"": ""8"", ""separation"": ""0.05"", ""visual_range"": ""50"", ""world_height"": ""244.949"", ""world_width"": ""244.949""}",100,10,5,5,42,ok,yes,2.100897184,2.16145304,2.352537542,2.1917189061999998,0.08839468975872625,46.265173542701625,138795.5206281049,3000,,"[2.352537542, 2.212174508, 2.131532257, 2.100897184, 2.16145304]",12.072,lium4090,3c7c7e0,
krabmaga,krABMaga 0.6.2,default,1,,boids,agents,10000,,,10000,447.214,447.214,"{""alignment"": ""0.05"", ""cohesion"": ""0.0005"", ""max_speed"": ""15"", ""min_speed"": ""3"", ""num_agents"": ""10000"", ""protected_range"": ""8"", ""separation"": ""0.05"", ""visual_range"": ""50"", ""world_height"": ""447.214"", ""world_width"": ""447.214""}",100,10,5,5,42,ok,yes,7.131798326,7.168792769,7.524752431,7.271656934000001,0.15753417530951896,13.949350081987284,139493.50081987283,10000,,"[7.144338496, 7.131798326, 7.168792769, 7.388602648, 7.524752431]",40.052,lium4090,3c7c7e0,
krabmaga,krABMaga 0.6.2,default,1,,boids,agents,30000,,,30000,774.597,774.597,"{""alignment"": ""0.05"", ""cohesion"": ""0.0005"", ""max_speed"": ""15"", ""min_speed"": ""3"", ""num_agents"": ""30000"", ""protected_range"": ""8"", ""separation"": ""0.05"", ""visual_range"": ""50"", ""world_height"": ""774.597"", ""world_width"": ""774.597""}",100,10,5,5,42,ok,yes,21.373191722,21.843553676,22.244440708,21.8477854646,0.2823328611232211,4.578009672019267,137340.290160578,30000,,"[21.809527261, 22.244440708, 21.968213956, 21.843553676, 21.373191722]",120.061,lium4090,3c7c7e0,
krabmaga,krABMaga 0.6.2,default,1,,boids,agents,100000,,,100000,1414.21,1414.21,"{""alignment"": ""0.05"", ""cohesion"": ""0.0005"", ""max_speed"": ""15"", ""min_speed"": ""3"", ""num_agents"": ""100000"", ""protected_range"": ""8"", ""separation"": ""0.05"", ""visual_range"": ""50"", ""world_height"": ""1414.21"", ""world_width"": ""1414.21""}",100,10,5,5,42,ok,yes,73.076408571,74.286342328,74.973125591,74.1906111456,0.6230980214431986,1.3461424653062775,134614.24653062774,100000,,"[74.46745621, 74.286342328, 74.973125591, 73.076408571, 74.149723028]",408.125,lium4090,3c7c7e0,
krabmaga,krABMaga 0.6.2,default,1,,boids,agents,300000,,,300000,2449.49,2449.49,"{""alignment"": ""0.05"", ""cohesion"": ""0.0005"", ""max_speed"": ""15"", ""min_speed"": ""3"", ""num_agents"": ""300000"", ""protected_range"": ""8"", ""separation"": ""0.05"", ""visual_range"": ""50"", ""world_height"": ""2449.49"", ""world_width"": ""2449.49""}",100,10,5,3,42,over_budget,yes,225.303533879,228.252566004,231.839202038,228.46510064033336,2.6724043855515287,0.43811117548727824,131433.35264618348,300000,,"[225.303533879, 228.252566004, 231.839202038]",1000.109,lium4090,3c7c7e0,3 of 5 reps in 1000s
krabmaga,krABMaga 0.6.2,default,1,,boids,agents,1000000,,,1000000,4472.14,4472.14,"{""alignment"": ""0.05"", ""cohesion"": ""0.0005"", ""max_speed"": ""15"", ""min_speed"": ""3"", ""num_agents"": ""1000000"", ""protected_range"": ""8"", ""separation"": ""0.05"", ""visual_range"": ""50"", ""world_height"": ""4472.14"", ""world_width"": ""4472.14""}",100,10,5,,42,skipped,yes,,,,,,,,,,,,lium4090,3c7c7e0,a smaller point did not finish
krabmaga,krABMaga 0.6.2,default,1,,ants,agents,2000,,,2000,200,200,"{""evaporation"": ""0.999"", ""momentum"": ""0.8"", ""num_agents"": ""2000"", ""random_action"": ""0.1"", ""reward"": ""1"", ""update_cutdown"": ""0.9"", ""world_height"": ""200"", ""world_width"": ""200""}",200,20,5,5,42,ok,yes,0.120242249,0.120465941,0.120587922,0.1204239766,0.0001354744566427208,1660.2202941327623,3320440.5882655247,2000,,"[0.120587922, 0.120533972, 0.120289799, 0.120465941, 0.120242249]",0.665,lium4090,3c7c7e0,
krabmaga,krABMaga 0.6.2,default,1,,ants,agents,6000,,,6000,346.41,346.41,"{""evaporation"": ""0.999"", ""momentum"": ""0.8"", ""num_agents"": ""6000"", ""random_action"": ""0.1"", ""reward"": ""1"", ""update_cutdown"": ""0.9"", ""world_height"": ""346.41"", ""world_width"": ""346.41""}",200,20,5,5,42,ok,yes,0.341399975,0.374482963,0.376981371,0.3644834752,0.014007611493154166,534.0696901076378,3204418.1406458267,6000,,"[0.376981371, 0.374482963, 0.374570894, 0.354982173, 0.341399975]",2.015,lium4090,3c7c7e0,
krabmaga,krABMaga 0.6.2,default,1,,ants,agents,20000,,,20000,632.456,632.456,"{""evaporation"": ""0.999"", ""momentum"": ""0.8"", ""num_agents"": ""20000"", ""random_action"": ""0.1"", ""reward"": ""1"", ""update_cutdown"": ""0.9"", ""world_height"": ""632.456"", ""world_width"": ""632.456""}",200,20,5,5,42,ok,yes,1.149270875,1.200750026,1.255798703,1.1982182046,0.03587338646671229,166.56256145690062,3331251.2291380125,20000,,"[1.174546959, 1.255798703, 1.200750026, 1.21072446, 1.149270875]",6.619,lium4090,3c7c7e0,
krabmaga,krABMaga 0.6.2,default,1,,ants,agents,60000,,,60000,1095.45,1095.45,"{""evaporation"": ""0.999"", ""momentum"": ""0.8"", ""num_agents"": ""60000"", ""random_action"": ""0.1"", ""reward"": ""1"", ""update_cutdown"": ""0.9"", ""world_height"": ""1095.45"", ""world_width"": ""1095.45""}",200,20,5,5,42,ok,yes,3.769821234,3.79676008,4.036780157,3.8608986916,0.10590213117602311,52.676491478492366,3160589.488709542,60000,,"[4.036780157, 3.929684964, 3.771447023, 3.79676008, 3.769821234]",21.321,lium4090,3c7c7e0,
krabmaga,krABMaga 0.6.2,default,1,,ants,agents,200000,,,200000,2000,2000,"{""evaporation"": ""0.999"", ""momentum"": ""0.8"", ""num_agents"": ""200000"", ""random_action"": ""0.1"", ""reward"": ""1"", ""update_cutdown"": ""0.9"", ""world_height"": ""2000"", ""world_width"": ""2000""}",200,20,5,5,42,ok,yes,13.027951062,13.043662328,13.263500459,13.1001922578,0.09104147545915559,15.333116955249043,3066623.3910498084,200000,,"[13.263500459, 13.043662328, 13.027951062, 13.136600319, 13.029247121]",72.504,lium4090,3c7c7e0,
